instanc-belong-exist	piec	1
instanc-belong-exist	kinstanc	2
instanc-belong-exist	shown	2
instanc-belong-exist	type	1
instanc-belong-exist	obtain	1
instanc-belong-exist	instanc	1
illustr	proof	1
illustr	delta	2
illustr	fulfil	1
illustr	feasibl	2
illustr	cut-pattern-exist	1
illustr	domin	2
illustr	assert	1
illustr	present	2
illustr	pattern	1
illustr	order	2
illustr	usag	2
illustr	column	1
illustr	instanc	2
definit	inequ	1
definit	assert	2
definit	pattern	2
definit	cut-pattern-domin	2
definit	cut-pattern-fulfil	2
definit	need	1
supplement	belong	1
supplement	assign	2
supplement	optim	2
supplement	mdimension	2
supplement	character	2
supplement	theorem	1
supplement	feasibl-solut	2
supplement	coeffici	2
supplement	show	1
supplement	continu-relax	2
supplement	relax	2
supplement	prove	2
supplement	gamma	2
supplement	proof	2
supplement	notnecessarili	2
supplement	feasibl-pattern	2
supplement	pattern	2
supplement	instanc	1
supplement	found	2
supplement	time	2
supplement	defin	1
supplement	ptime	2
piec-equal	length	4
piec-equal	note	1
piec-equal	integ	2
piec-equal	stock-materi-defin	1
piec-equal	propos	1
piec-equal	divis-case	2
piec-equal	famili	1
piec-equal	total	2
piec-equal	cut-piec-length	1
piec-equal	pattern	2
piec-equal	cover	2
piec-equal	suppos	2
piec-equal	piec-length-pattern	2
piec-equal	theorem	1
piec-equal	instanc	1
piec-equal	piec-length-cut	1
piec-equal	nica	1
piec-equal	need	1
piec-equal	solut	2
substitut	proof	1
substitut	trimless-pattern	1
substitut	theorem	2
substitut	piec	2
substitut	similar	1
substitut	smallest	2
substitut	remov	2
substitut	obtain	2
substitut	famili-instanc	2
program	implemen	1
program	properti	2
program	tation	1
program	cut-plane	1
program	problem	1
program	part	2
program	trim	1
program	round	2
program	cut-stock-problem	2
program	linear	2
program	dualiti	1
program	hold	2
program	instanc	2
program	solv	1
program	method	1
program	approach	2
aris	proper-pattern	1
aris	integ	2
aris	number	2
aris	higher	1
aris	feasibl	1
aris	nonirup-instanc-construct	1
aris	dimension	1
aris	smaller	2
aris	obtain	2
aris	nonequival-nonirup-instanc	3
aris	piec-length-compos	2
aris	exist-pattern	1
aris	possess	1
aris	larger	2
aris	maxim-respect	2
aris	appli	2
aris	maxim	4
aris	famili	3
aris	lead	2
aris	nonirup-instanc-occur	2
aris	maxim-cut-pattern	1
aris	continu-relax	1
aris	impress	2
aris	notic	1
aris	onedimension-csp	1
aris	nonirup-instanc-comput	2
aris	solut	2
aris	import	1
aris	increas	1
aris	occur	4
aris	limit	2
aris	problem	2
aris	infinit	1
aris	correspond	1
aris	rare	2
aris	nonirup	1
aris	exist	4
aris	conjectur	1
aris	numer	2
aris	test	2
aris	addit	1
aris	instanc	2
aris	feasibl-respect	2
aris	algorithm	1
aris	residu	1
aris	respect	2
aris	assum	1
aris	procedur	2
aris	mirup	1
aris	present	2
aris	difficulti	2
aris	contradict	2
aris	nonirup-instanc-paper	1
nmatrix	equival	2
nmatrix	feasibl-pattern	1
nmatrix	denot	2
nmatrix	class	2
nmatrix	vice	1
nmatrix	reason	1
nmatrix	view	1
nmatrix	instanc-equival	2
nmatrix	feasibl	1
nmatrix	call	1
nmatrix	theta	2
nmatrix	character	2
nmatrix	versa	1
nmatrix	induc	1
nmatrix	intersect	1
nmatrix	patternequival	1
nmatrix	cone	1
nmatrix	instanc	2
introduc	equival-instanc	1
introduc	independ	2
introduc	integ	1
introduc	divis	1
introduc	famili-nonirup-instanc	1
introduc	size	1
introduc	case	2
introduc	order	2
introduc	section	2
introduc	character	2
introduc	equival-relat-instanc	2
introduc	real	1
introduc	instanc	2
instanc-obtain	consid	2
instanc-obtain	pattern	1
instanc-obtain	stock-length	2
instanc-obtain	largest	1
instanc-obtain	found	1
instanc-obtain	form	2
instanc-obtain	least	1
instanc-obtain	contain	1
instanc-obtain	piec-length-set	2
instanc-obtain	piec	1
instanc-obtain	reduc	2
instanc-obtain	correspond	2
instanc-obtain	smaller	1
instanc-obtain	rememb	1
instanc-obtain	instanc	2
instanc-obtain	theorem	2
instanc-obtain	omit	2
feasibl	independ	1
feasibl	nonprop	1
feasibl	optim	1
feasibl	lexicograph	1
feasibl	solut-approach	1
feasibl	instanc-csp	1
feasibl	classic	1
feasibl	present	2
feasibl	vector	2
feasibl	shortli	2
feasibl	smaller	1
feasibl	domin-cut-pattern	1
feasibl	abbrevi	1
feasibl	patternequival	2
feasibl	equival	4
feasibl	versa	2
feasibl	contradict	1
feasibl	maxim-respect	2
feasibl	length	2
feasibl	instanc-equival	3
feasibl	class	1
feasibl	cut-pattern-exist	4
feasibl	lead	1
feasibl	cut-pattern-assert	1
feasibl	maxim-cut-pattern	3
feasibl	larg	1
feasibl	call	4
feasibl	sort	1
feasibl	relax	1
feasibl	proper	1
feasibl	column	4
feasibl	pattern-domin	2
feasibl	proof	6
feasibl	cut-pattern-cut	2
feasibl	feasibl-pattern	2
feasibl	occur	1
feasibl	usag	2
feasibl	delta	2
feasibl	construct	2
feasibl	gomori	1
feasibl	domin	2
feasibl	loss-gener	2
feasibl	pattern	7
feasibl	order	2
feasibl	paper	1
feasibl	decreas	1
feasibl	exist	5
feasibl	denot	3
feasibl	gilmor	1
feasibl	proper-pattern	2
feasibl	instanc	4
feasibl	hand	1
feasibl	reduc	2
feasibl	feasibl-respect	2
feasibl	vice	2
feasibl	respect	2
feasibl	mean	2
feasibl	pattern-matrix	2
feasibl	assum	5
feasibl	character	1
feasibl	assert	4
feasibl	nondomin	2
feasibl	fulfil	6
feasibl	theta	1
feasibl	defin	1
feasibl	indexset	2
feasibl	cut-pattern-assum	1
feasibl	maxim	4
instanc-csp	length	1
instanc-csp	number	1
instanc-csp	show	2
instanc-csp	solut-approach	2
instanc-csp	construct	2
instanc-csp	cut-piec-length	1
instanc-csp	shortli	1
instanc-csp	vector	1
instanc-csp	small	1
instanc-csp	propos	1
instanc-csp	smaller	1
instanc-csp	mirupconjectur	1
instanc-csp	obtain	1
instanc-csp	nonequival-nonirup-instanc	2
instanc-csp	abbrevi	2
instanc-csp	randomli	2
instanc-csp	method	2
instanc-csp	need	2
instanc-csp	gener	2
instanc-csp	loss-gener	2
instanc-csp	piec	1
instanc-csp	remark	2
instanc-csp	paper-famili-nonirup	4
instanc-csp	maxim	1
instanc-csp	stronger	1
instanc-csp	stock-materi-piec	1
instanc-csp	comput	2
instanc-csp	call	1
instanc-csp	paramet	1
instanc-csp	relax	1
instanc-csp	ratio	1
instanc-csp	counterexampl	1
instanc-csp	increas	1
instanc-csp	cut-pattern-cut	1
instanc-csp	stock-materi-length	1
instanc-csp	gomori	2
instanc-csp	pattern	1
instanc-csp	classic	2
instanc-csp	paper	2
instanc-csp	experi	2
instanc-csp	statement	1
instanc-csp	exist	3
instanc-csp	gap-equal	1
instanc-csp	gilmor	2
instanc-csp	greater	2
instanc-csp	instanc	2
instanc-csp	task	1
instanc-csp	assum	2
instanc-csp	instanc-possess	1
instanc-csp	year	2
instanc-csp	irup	1
instanc-csp	present	4
instanc-csp	publish	2
instanc-csp	possess	2
instanc-csp	integ-roundup-properti	1
instanc-csp	minim	1
instanc-csp	suggest	2
lefthand	note	2
lefthand	occur	1
lefthand	integr	2
lefthand	side	2
lefthand	fulfil	2
lefthand	inequ	2
lefthand	feasibl-pattern	2
lefthand	form	1
lefthand	case-interv	1
lefthand	pattern	2
lefthand	integ	1
lefthand	show	1
lefthand	gamma	1
lefthand	gammaq	1
lefthand	summar	2
lefthand	divis-case	2
lefthand	uniqu	1
cut-piec-length	length	2
cut-piec-length	number	2
cut-piec-length	solut-approach	1
cut-piec-length	wooden	1
cut-piec-length	task	2
cut-piec-length	piec-length-pattern	1
cut-piec-length	abbrevi	1
cut-piec-length	need	4
cut-piec-length	loss-gener	1
cut-piec-length	integ	1
cut-piec-length	total	1
cut-piec-length	stock-materi-piec	2
cut-piec-length	suppos	1
cut-piec-length	solut	1
cut-piec-length	reel	1
cut-piec-length	gomori	1
cut-piec-length	pattern	2
cut-piec-length	classic	1
cut-piec-length	cover	1
cut-piec-length	paper	2
cut-piec-length	gilmor	1
cut-piec-length	assum	1
cut-piec-length	minim	2
wooden	length	2
wooden	number	2
wooden	piec	1
wooden	reel	2
wooden	task	1
wooden	ident	1
wooden	paper	2
wooden	unlimit	1
wooden	stock-materi-piec	1
wooden	stock-materi-length	1
wooden	problem-csp	1
wooden	onedimension-cut-stock	1
wooden	minim	1
wooden	need	1
wooden	introduct	1
vector	proper-trimless-pattern	2
vector	solut-approach	1
vector	shortli	2
vector	obtain	1
vector	character	1
vector	abbrevi	1
vector	intersect	1
vector	loss-gener	1
vector	reason	1
vector	inequ	1
vector	maxim	1
vector	proper	1
vector	unit	1
vector	call	2
vector	paramet	2
vector	cut-pattern-fulfil	1
vector	gamma	1
vector	cut-pattern-cut	2
vector	exist-nonneg-integ	2
vector	view	1
vector	gomori	1
vector	pattern	2
vector	classic	1
vector	paper	1
vector	mean-exist	2
vector	induc	1
vector	gilmor	1
vector	assum	3
vector	repres	1
vector	denot	1
vector	cone	1
verif	pattern	1
verif	propos	2
verif	cut-plane	2
verif	proper	1
verif	algorithm	2
small	counterexampl	2
small	length	1
small	remark	1
small	paper-famili-nonirup	1
small	increas	2
small	open	1
small	exist	2
small	piec	1
small	question	1
small	present	1
small	piec-length-remain	1
small	paramet	2
small	mirupconjectur	2
small	stock-materi-length	2
small	ratio	2
round	implemen	1
round	tation	1
round	cut-plane	1
round	problem	1
round	part	2
round	trim	1
round	properti	2
round	cut-stock-problem	2
round	linear	2
round	dualiti	1
round	hold	2
round	instanc	2
round	solv	1
round	method	1
round	approach	2
smaller	length	1
smaller	nonprop	2
smaller	least	2
smaller	irup	2
smaller	obtain	1
smaller	nonequival-nonirup-instanc	1
smaller	easi	1
smaller	seri	1
smaller	randomli	1
smaller	method	1
smaller	gener	1
smaller	modif	1
smaller	stock-length	1
smaller	paper-famili-nonirup	1
smaller	theorem	1
smaller	hand	2
smaller	proper-pattern	2
smaller	lead	2
smaller	comput	1
smaller	show	1
smaller	continu-relax	1
smaller	relax	1
smaller	instanc-kinstanc	1
smaller	investig	1
smaller	proof	1
smaller	optim	2
smaller	occur	2
smaller	form	1
smaller	delta	1
smaller	contain	2
smaller	verifi	1
smaller	construct	2
smaller	piec-length-set	1
smaller	observ-initi	1
smaller	correspond	1
smaller	reduc	2
smaller	experi	1
smaller	exist	1
smaller	greater	1
smaller	instanc	3
smaller	consid	1
smaller	pattern	4
smaller	residu	1
smaller	instanc-possess	2
smaller	year	1
smaller	piec	2
smaller	present	1
smaller	publish	1
smaller	possess	1
smaller	integ-roundup-properti	2
smaller	suggest	1
smaller	omit	1
properti-onedimension-cut	optim	2
properti-onedimension-cut	studi	1
properti-onedimension-cut	tighter	2
properti-onedimension-cut	stock-problem-branchandbound	2
properti-onedimension-cut	comput	1
properti-onedimension-cut	gener	2
properti-onedimension-cut	valu	2
properti-onedimension-cut	implemen	1
properti-onedimension-cut	integ	2
properti-onedimension-cut	implement	1
properti-onedimension-cut	modifi-integ-roundup	2
properti-onedimension-cut	heurist	2
properti-onedimension-cut	method	1
properti-onedimension-cut	intract	1
properti-onedimension-cut	continu-relax	2
properti-onedimension-cut	relax	2
properti-onedimension-cut	investig	2
properti-onedimension-cut	counterexampl	2
properti-onedimension-cut	tation	1
properti-onedimension-cut	cut-plane	1
properti-onedimension-cut	problem	2
properti-onedimension-cut	onedimension-cut-stock	2
properti-onedimension-cut	stock-problem-csp	2
properti-onedimension-cut	solv	2
properti-onedimension-cut	algorithm	2
properti-onedimension-cut	integ-roundup-properti	2
properti-onedimension-cut	cut-stock-problem	2
index	number	2
index	least	2
index	proper	1
index	solut-approach	2
index	construct	1
index	model	2
index	real	2
index	integ	2
index	appli	2
index	optim-solut-integ	1
index	heurist	1
index	determin	2
index	solut	1
index	consist	2
index	pattern	2
index	denot	2
index	solv	2
index	time	2
index	mean	1
index	procedur	2
index	variabl	2
index	suitabl	1
index	defin	2
index	common	2
index	base	1
nonequival-nonirup-instanc	number	2
nonequival-nonirup-instanc	instanc-possess	1
nonequival-nonirup-instanc	construct	2
nonequival-nonirup-instanc	nonirup-instanc-construct	1
nonequival-nonirup-instanc	irup	1
nonequival-nonirup-instanc	obtain	3
nonequival-nonirup-instanc	piec-length-compos	2
nonequival-nonirup-instanc	randomli	2
nonequival-nonirup-instanc	method	2
nonequival-nonirup-instanc	gener	2
nonequival-nonirup-instanc	gap-equal	1
nonequival-nonirup-instanc	larger	2
nonequival-nonirup-instanc	integ	2
nonequival-nonirup-instanc	maxim	2
nonequival-nonirup-instanc	famili	4
nonequival-nonirup-instanc	lead	2
nonequival-nonirup-instanc	nonirup-instanc-occur	1
nonequival-nonirup-instanc	comput	2
nonequival-nonirup-instanc	show	2
nonequival-nonirup-instanc	continu-relax	1
nonequival-nonirup-instanc	impress	1
nonequival-nonirup-instanc	notic	1
nonequival-nonirup-instanc	investig	1
nonequival-nonirup-instanc	instanc	2
nonequival-nonirup-instanc	solut	2
nonequival-nonirup-instanc	increas	1
nonequival-nonirup-instanc	limit	1
nonequival-nonirup-instanc	infinit	2
nonequival-nonirup-instanc	correspond	1
nonequival-nonirup-instanc	rare	1
nonequival-nonirup-instanc	help	1
nonequival-nonirup-instanc	paper	1
nonequival-nonirup-instanc	experi	2
nonequival-nonirup-instanc	approach	1
nonequival-nonirup-instanc	exist	3
nonequival-nonirup-instanc	numer	1
nonequival-nonirup-instanc	test	2
nonequival-nonirup-instanc	greater	2
nonequival-nonirup-instanc	paper-famili-nonirup	2
nonequival-nonirup-instanc	procedur	2
nonequival-nonirup-instanc	year	2
nonequival-nonirup-instanc	present	4
nonequival-nonirup-instanc	publish	2
nonequival-nonirup-instanc	addit	1
nonequival-nonirup-instanc	possess	2
nonequival-nonirup-instanc	suggest	2
nonequival-nonirup-instanc	integ-roundup-properti	1
nonequival-nonirup-instanc	develop	1
nonequival-nonirup-instanc	nonirup-instanc-paper	1
section	independ	2
section	restrict	2
section	size	1
section	construct	2
section	obtain-nonirup-instanc	2
section	kind	1
section	character	2
section	divis-case	2
section	method	2
section	real	1
section	equival	1
section	remark	2
section	divis	1
section	integ	1
section	integr	1
section	possibl	1
section	pattern	2
section	order	2
section	equival-instanc	2
section	equival-relat-instanc	3
section	discuss	2
section	instanc	2
section	assum	1
section	famili-nonirup-instanc	3
section	present	2
section	case	2
section	defin	1
section	inputdata	1
section	cut-stock-problem	1
section	base	1
abbrevi	number	1
abbrevi	shortli	1
abbrevi	task	1
abbrevi	theorem	1
abbrevi	need	1
abbrevi	loss-gener	2
abbrevi	integ	1
abbrevi	maxim	1
abbrevi	famili	1
abbrevi	stock-materi-piec	1
abbrevi	call	1
abbrevi	investig	2
abbrevi	notic	1
abbrevi	famili-instanc	2
abbrevi	cut-pattern-cut	1
abbrevi	solut-approach	2
abbrevi	multipl	1
abbrevi	gomori	2
abbrevi	pattern	1
abbrevi	classic	2
abbrevi	smallest	1
abbrevi	paper	2
abbrevi	gilmor	2
abbrevi	assum	2
abbrevi	defin	1
abbrevi	common	1
abbrevi	minim	1
intersect	equival	1
intersect	denot	2
intersect	reason	2
intersect	inequ	1
intersect	instanc-equival	1
intersect	class	1
intersect	unit	1
intersect	theta	1
intersect	view	2
intersect	induc	2
intersect	cone	2
intersect	character	2
intersect	instanc	1
patternequival	equival	2
patternequival	loss-gener	1
patternequival	class	1
patternequival	vice	2
patternequival	feasibl-pattern	2
patternequival	lexicograph	1
patternequival	instanc-equival	1
patternequival	decreas	1
patternequival	call	2
patternequival	theta	1
patternequival	sort	1
patternequival	denot	1
patternequival	character	1
patternequival	versa	2
patternequival	cut-pattern-assum	1
patternequival	instanc	1
divis-case	belong	2
divis-case	length	3
divis-case	class	2
divis-case	restrict	2
divis-case	construct	1
divis-case	obtain-nonirup-instanc	1
divis-case	result	2
divis-case	propos	3
divis-case	nonirup-instanc-obtain	2
divis-case	theorem	3
divis-case	method	1
divis-case	form	1
divis-case	equival	2
divis-case	piec	1
divis-case	note	4
divis-case	remark	1
divis-case	integr	2
divis-case	integ	2
divis-case	fulfil	4
divis-case	inequ	4
divis-case	maxim	1
divis-case	famili	1
divis-case	sake	2
divis-case	show	3
divis-case	investig	1
divis-case	repeat	2
divis-case	gamma	1
divis-case	nonirup-instanc-csp	2
divis-case	caseinst	1
divis-case	uniqu	1
divis-case	increas	1
divis-case	instanc-belong-set	1
divis-case	occur	1
divis-case	multipl	1
divis-case	divis	1
divis-case	gammaq	1
divis-case	domin	1
divis-case	case-interv	1
divis-case	pattern	2
divis-case	stock-materi-defin	1
divis-case	assumpt	2
divis-case	equival-instanc	2
divis-case	famili-nonequival	2
divis-case	infinit	2
divis-case	nica	3
divis-case	discuss	1
divis-case	instanc	2
divis-case	name	1
divis-case	complet	2
divis-case	side	2
divis-case	mean	2
divis-case	famili-nonirup-instanc	2
divis-case	feasibl-pattern	2
divis-case	special	1
divis-case	interest	1
divis-case	present	2
divis-case	case	1
divis-case	nondomin-pattern	1
divis-case	summar	2
divis-case	solut	2
method	restrict	1
method	properti	1
method	tighter	1
method	obtain-nonirup-instanc	2
method	stock-problem-branchandbound	1
method	irup	1
method	obtain	1
method	comput	2
method	gener	3
method	equival	1
method	valu	1
method	remark	2
method	paper-famili-nonirup	2
method	integ	1
method	randomli	2
method	heurist	1
method	instanc-possess	1
method	part	1
method	solv	2
method	show	2
method	continu-relax	1
method	relax	1
method	investig	1
method	hold	1
method	possibl	1
method	counterexampl	1
method	optim	1
method	possess	2
method	implemen	2
method	construct	4
method	tation	2
method	cut-plane	2
method	problem	1
method	pattern	1
method	experi	2
method	approach	1
method	exist	2
method	stock-problem-csp	1
method	gap-equal	1
method	equival-relat-instanc	1
method	onedimension-cut-stock	1
method	greater	2
method	discuss	2
method	instanc	3
method	algorithm	1
method	famili-nonirup-instanc	1
method	year	2
method	present	3
method	publish	2
method	kind	1
method	defin	1
method	modifi-integ-roundup	1
method	linear	1
method	integ-roundup-properti	2
method	cut-stock-problem	3
method	base	1
method	suggest	2
deriv	loss-gener	1
deriv	case	2
deriv	separ	2
deriv	function	2
deriv	multipl	1
deriv	integ	2
deriv	object	2
deriv	verifi	1
deriv	nonequival-instanc	2
deriv	pattern	4
deriv	smallest	1
deriv	defin	1
deriv	common	1
deriv	posit	2
deriv	obtain	2
deriv	time	2
deriv	famili-instanc	2
deriv	instanc	2
gener	optim	2
gener	studi	1
gener	lexicograph	1
gener	nonirup-instanc-construct	1
gener	stock-problem-branchandbound	2
gener	irup	1
gener	obtain	1
gener	randomli	2
gener	valu	2
gener	gap-equal	1
gener	paper-famili-nonirup	2
gener	integ	2
gener	implement	1
gener	modifi-integ-roundup	2
gener	heurist	2
gener	comput	3
gener	intract	1
gener	show	2
gener	continu-relax	3
gener	sort	1
gener	relax	2
gener	tighter	2
gener	investig	2
gener	solv	2
gener	counterexampl	2
gener	increas	1
gener	construct	2
gener	tation	1
gener	cut-plane	1
gener	problem	2
gener	pattern	1
gener	experi	2
gener	decreas	1
gener	exist	2
gener	stock-problem-csp	2
gener	implemen	1
gener	onedimension-cut-stock	2
gener	greater	2
gener	instanc	2
gener	equival-instanc	1
gener	algorithm	2
gener	instanc-possess	1
gener	year	2
gener	present	2
gener	publish	2
gener	addit	1
gener	possess	2
gener	integ-roundup-properti	3
gener	cut-stock-problem	2
gener	cut-pattern-assum	1
gener	suggest	2
coeffici	belong	1
coeffici	assign	2
coeffici	optim	2
coeffici	mdimension	2
coeffici	character	2
coeffici	theorem	1
coeffici	feasibl-solut	2
coeffici	show	1
coeffici	continu-relax	2
coeffici	relax	2
coeffici	prove	2
coeffici	gamma	2
coeffici	proof	2
coeffici	notnecessarili	2
coeffici	feasibl-pattern	2
coeffici	pattern	2
coeffici	instanc	1
coeffici	found	2
coeffici	time	2
coeffici	defin	1
coeffici	ptime	2
modif	nonprop	1
modif	delta	2
modif	optim	1
modif	hand	1
modif	lead	1
modif	pattern	1
modif	continu-relax	1
modif	obtain	2
inher	belong	1
inher	piec-length-decreas	2
inher	note	2
inher	clear	2
inher	order	2
inher	sort	2
inher	structur	2
inher	make	2
inher	theorem	1
inher	instanc	2
valu	optim	2
valu	studi	1
valu	tighter	2
valu	stock-problem-branchandbound	2
valu	comput	1
valu	implemen	1
valu	integ	2
valu	implement	1
valu	modifi-integ-roundup	2
valu	heurist	2
valu	intract	1
valu	continu-relax	2
valu	relax	2
valu	investig	2
valu	counterexampl	2
valu	tation	1
valu	cut-plane	1
valu	problem	2
valu	onedimension-cut-stock	2
valu	stock-problem-csp	2
valu	solv	2
valu	algorithm	2
valu	integ-roundup-properti	2
valu	cut-stock-problem	2
remark	length	1
remark	largest	1
remark	restrict	1
remark	construct	2
remark	statement	1
remark	obtain-nonirup-instanc	2
remark	kind	1
remark	mirupconjectur	1
remark	need	1
remark	equival	1
remark	piec	1
remark	paper-famili-nonirup	2
remark	appli	1
remark	stronger	1
remark	paramet	1
remark	relax	1
remark	ratio	1
remark	counterexampl	1
remark	increas	1
remark	stock-materi-length	1
remark	possibl	1
remark	result	1
remark	pattern	3
remark	order	2
remark	exist	1
remark	equival-relat-instanc	1
remark	discuss	2
remark	found	1
remark	procedur	1
remark	present	3
remark	famili-nonirup-instanc	1
remark	propos	1
remark	defin	1
remark	cut-stock-problem	1
remark	base	1
larger	nonirup-instanc-construct	1
larger	obtain-nonirup-instanc	1
larger	obtain	2
larger	piec-length-compos	2
larger	theorem	2
larger	succeed	2
larger	applic	2
larger	note	2
larger	gap-equal	1
larger	integ	2
larger	appli	1
larger	modifi-integ-roundup	1
larger	maxim	2
larger	famili	2
larger	lead	2
larger	possess	1
larger	continu-relax	1
larger	notic	1
larger	repeat	2
larger	solut	2
larger	counterexampl	1
larger	increas	1
larger	delta	1
larger	possibl	1
larger	result	1
larger	correspond	1
larger	decad	2
larger	addit	1
larger	instanc	1
larger	instanc-found	2
larger	procedur	3
larger	mirup	1
larger	properti	1
larger	defin	1
reason	equival	1
reason	denot	2
reason	inequ	1
reason	instanc-equival	1
reason	class	1
reason	unit	1
reason	theta	1
reason	view	2
reason	induc	2
reason	character	2
reason	cone	2
reason	instanc	1
implement	optim	1
implement	studi	1
implement	tighter	1
implement	stock-problem-branchandbound	1
implement	comput	1
implement	integ	1
implement	modifi-integ-roundup	1
implement	heurist	1
implement	intract	1
implement	investig	1
implement	relax	1
implement	continu-relax	1
implement	counterexampl	1
implement	problem	1
implement	onedimension-cut-stock	1
implement	stock-problem-csp	1
implement	solv	1
implement	algorithm	1
implement	integ-roundup-properti	1
implement	cut-stock-problem	1
appli	higher	1
appli	least	2
appli	dimension	1
appli	obtain	1
appli	theorem	3
appli	applic	1
appli	note	1
appli	determin	2
appli	repeat	1
appli	nonirup-instanc-comput	2
appli	import	1
appli	result	4
appli	problem	2
appli	pattern	1
appli	order	1
appli	exist	1
appli	succeed	1
appli	instanc	2
appli	algorithm	1
appli	procedur	6
appli	present	1
appli	defin	2
appli	difficulti	2
inequ	belong	2
inequ	integ	1
inequ	nondomin-pattern	1
inequ	result	2
inequ	propos	2
inequ	famili-nonequival	2
inequ	character	2
inequ	need	2
inequ	equival	2
inequ	note	2
inequ	fulfil	2
inequ	maxim	1
inequ	class	2
inequ	unit	2
inequ	maxim-cut-pattern	1
inequ	sake	2
inequ	show	1
inequ	cut-pattern-fulfil	1
inequ	view	1
inequ	repeat	2
inequ	gamma	1
inequ	nonirup-instanc-csp	2
inequ	uniqu	1
inequ	feasibl-pattern	2
inequ	occur	1
inequ	form	1
inequ	integr	2
inequ	gammaq	1
inequ	domin	1
inequ	analog	1
inequ	case-interv	1
inequ	pattern	3
inequ	denot	2
inequ	equival-instanc	2
inequ	induc	1
inequ	infinit	2
inequ	nica	2
inequ	instanc	1
inequ	complet	2
inequ	side	2
inequ	assert	2
inequ	cut-pattern-domin	1
inequ	summar	2
inequ	cone	1
inequ	solut	2
instanc-equival	belong	1
instanc-equival	propos	2
instanc-equival	famili-nonequival	1
instanc-equival	character	2
instanc-equival	theorem	2
instanc-equival	need	1
instanc-equival	equival	4
instanc-equival	note	1
instanc-equival	fulfil	2
instanc-equival	class	2
instanc-equival	maxim-cut-pattern	1
instanc-equival	call	1
instanc-equival	show	1
instanc-equival	versa	1
instanc-equival	proof	3
instanc-equival	feasibl-pattern	1
instanc-equival	view	1
instanc-equival	pattern	1
instanc-equival	theta	2
instanc-equival	denot	3
instanc-equival	induc	1
instanc-equival	instanc	4
instanc-equival	vice	1
instanc-equival	mean	3
instanc-equival	pattern-matrix	2
instanc-equival	assert	1
instanc-equival	cone	1
famili	length	1
famili	number	2
famili	nonirup-instanc-construct	1
famili	propos	2
famili	obtain	2
famili	piec-length-compos	2
famili	note	3
famili	integ	4
famili	theorem	4
famili	maxim	2
famili	lead	2
famili	nonirup-instanc-occur	1
famili	continu-relax	1
famili	impress	1
famili	notic	3
famili	investig	2
famili	famili-instanc	1
famili	solut	2
famili	increas	1
famili	limit	1
famili	infinit	2
famili	correspond	1
famili	rare	1
famili	help	1
famili	paper	1
famili	approach	1
famili	exist	1
famili	numer	1
famili	famili-nonequival	1
famili	test	2
famili	addit	1
famili	instanc	3
famili	consid	2
famili	assum	1
famili	procedur	2
famili	present	2
famili	case	2
famili	pattern-exist-nondivis	1
famili	nica	2
famili	develop	1
famili	nonirup-instanc-paper	1
heurist	number	1
heurist	optim	2
heurist	studi	1
heurist	tighter	2
heurist	solut-approach	1
heurist	construct	2
heurist	model	1
heurist	stock-problem-branchandbound	2
heurist	real	1
heurist	implemen	1
heurist	integ	3
heurist	modifi-integ-roundup	2
heurist	optim-solut-integ	2
heurist	comput	1
heurist	intract	1
heurist	continu-relax	2
heurist	relax	2
heurist	investig	2
heurist	solut	2
heurist	counterexampl	2
heurist	consist	1
heurist	tation	1
heurist	cut-plane	1
heurist	problem	2
heurist	pattern	1
heurist	solv	3
heurist	denot	1
heurist	stock-problem-csp	2
heurist	onedimension-cut-stock	2
heurist	algorithm	2
heurist	time	1
heurist	mean	2
heurist	variabl	1
heurist	suitabl	2
heurist	common	1
heurist	integ-roundup-properti	2
heurist	cut-stock-problem	2
heurist	base	2
total	length	2
total	integ	2
total	suppos	2
total	pattern	2
total	cover	2
total	piec-length-pattern	2
total	piec-length-cut	1
total	need	1
total	solut	2
unit	proper-pattern	2
unit	least	2
unit	least-piec-length	2
unit	famili-nonequival	1
unit	character	2
unit	piec	2
unit	contradict	2
unit	exist-pattern	2
unit	maxim-cut-pattern	1
unit	show	1
unit	solut	3
unit	increas	2
unit	trimloss-least	2
unit	occur	2
unit	view	1
unit	pattern	2
unit	order	2
unit	paper	1
unit	denot	2
unit	induc	1
unit	total-trimloss	4
unit	instanc	4
unit	consid	1
unit	trimloss	2
unit	residu	1
unit	integ	2
unit	assert	1
unit	case	2
unit	behavior	2
unit	cone	1
nonirup-instanc-occur	number	2
nonirup-instanc-occur	conjectur	1
nonirup-instanc-occur	mirup	1
nonirup-instanc-occur	limit	2
nonirup-instanc-occur	infinit	1
nonirup-instanc-occur	rare	2
nonirup-instanc-occur	nonirup	1
nonirup-instanc-occur	exist	2
nonirup-instanc-occur	numer	2
nonirup-instanc-occur	impress	2
nonirup-instanc-occur	onedimension-csp	1
nonirup-instanc-occur	present	1
nonirup-instanc-occur	test	2
nonirup-instanc-occur	possess	1
nonirup-instanc-occur	nonirup-instanc-paper	1
nonirup-instanc-occur	instanc	1
maxim-cut-pattern	character	1
maxim-cut-pattern	equival	1
maxim-cut-pattern	contradict	1
maxim-cut-pattern	maxim-respect	2
maxim-cut-pattern	fulfil	1
maxim-cut-pattern	proof	1
maxim-cut-pattern	occur	1
maxim-cut-pattern	exist	2
maxim-cut-pattern	denot	2
maxim-cut-pattern	instanc	2
maxim-cut-pattern	feasibl-respect	2
maxim-cut-pattern	respect	2
maxim-cut-pattern	mean	1
maxim-cut-pattern	pattern-matrix	1
maxim-cut-pattern	assum	2
maxim-cut-pattern	assert	2
maxim-cut-pattern	maxim	2
sake	equival	2
sake	belong	2
sake	complet	2
sake	maxim	1
sake	class	2
sake	nondomin-pattern	1
sake	domin	1
sake	result	2
sake	repeat	2
sake	propos	2
sake	nica	2
sake	equival-instanc	2
sake	famili-nonequival	2
sake	infinit	2
sake	nonirup-instanc-csp	2
sake	solut	2
call	lexicograph	1
call	solut-approach	1
call	shortli	2
call	irup	2
call	feasibl-pattern	2
call	character	1
call	possess	1
call	equival	2
call	versa	2
call	class	1
call	proper	1
call	sort	1
call	loss-gener	2
call	cut-pattern-cut	2
call	delta	2
call	nonirup-instanc-wellknown	1
call	gomori	1
call	pattern	2
call	classic	1
call	theta	1
call	nonirup	1
call	decreas	1
call	denot	1
call	gilmor	1
call	instanc	2
call	vice	2
call	assum	1
call	paper	1
call	integ-roundup-properti	1
call	cut-pattern-assum	1
call	maxim	1
paramet	length	1
paramet	proper-trimless-pattern	2
paramet	independ	2
paramet	number	1
paramet	question	1
paramet	open	1
paramet	mirupconjectur	2
paramet	obtain	2
paramet	piec	2
paramet	paper-famili-nonirup	1
paramet	piec-length-remain	1
paramet	cut-pattern-fulfil	1
paramet	stock-materi-length	3
paramet	ratio	2
paramet	instanc	1
paramet	gamma	1
paramet	counterexampl	2
paramet	increas	2
paramet	problem-csp	1
paramet	exist-nonneg-integ	2
paramet	repres	1
paramet	exist	2
paramet	mean-exist	2
paramet	gap-equal	1
paramet	equival-relat-instanc	2
paramet	onedimension-cut-stock	1
paramet	unlimit	1
paramet	introduct	1
paramet	consid	2
paramet	assum	2
paramet	present	1
paramet	ident	1
type	increas	1
type	stock-length	1
type	obtain	2
type	piec	2
type	reach	1
type	shown	1
type	larg	1
type	piec-length-suffici	1
type	kinstanc	2
sort	belong	1
sort	lexicograph	2
sort	structur	2
sort	versa	1
sort	theorem	1
sort	equival	1
sort	note	2
sort	loss-gener	1
sort	feasibl-pattern	1
sort	piec-length-decreas	2
sort	clear	2
sort	pattern	1
sort	order	2
sort	decreas	2
sort	equival-instanc	1
sort	instanc	2
sort	vice	1
sort	cut-pattern-assum	2
sort	make	2
relax	belong	1
relax	length	1
relax	assign	2
relax	nonprop	1
relax	optim	5
relax	proper-pattern	1
relax	studi	1
relax	compon	2
relax	statement	2
relax	lead	1
relax	stock-problem-branchandbound	2
relax	mdimension	2
relax	propos	2
relax	character	2
relax	nonirup-instanc-obtain	1
relax	theorem	1
relax	need	2
relax	paper-famili-nonirup	1
relax	integ	2
relax	modifi-integ-roundup	2
relax	class	1
relax	stronger	2
relax	comput	1
relax	intract	1
relax	show	1
relax	continu-relax	4
relax	tighter	2
relax	investig	2
relax	feasibl-solut	2
relax	gamma	2
relax	solut	1
relax	counterexampl	2
relax	proof	2
relax	notnecessarili	2
relax	feasibl-pattern	2
relax	occur	1
relax	implemen	1
relax	construct	1
relax	tation	1
relax	cut-plane	1
relax	problem	2
relax	pattern	4
relax	order	3
relax	algorithm	2
relax	solv	2
relax	mean-exist	2
relax	stock-problem-csp	2
relax	residu	1
relax	onedimension-cut-stock	2
relax	instanc	2
relax	hand	1
relax	reduc	1
relax	prove	2
relax	found	2
relax	time	2
relax	reduct	2
relax	special	1
relax	present	1
relax	defin	1
relax	ptime	2
relax	integ-roundup-properti	2
relax	cut-stock-problem	2
impress	number	2
impress	conjectur	1
impress	mirup	1
impress	present	1
impress	rare	2
impress	nonirup	1
impress	exist	2
impress	numer	2
impress	limit	2
impress	onedimension-csp	1
impress	infinit	1
impress	test	2
impress	possess	1
impress	nonirup-instanc-paper	1
impress	instanc	1
notic	proper-pattern	1
notic	trimloss	1
notic	integ	3
notic	procedur	1
notic	theorem	2
notic	maxim	1
notic	assum	1
notic	lead	1
notic	correspond	2
notic	investig	1
notic	obtain	1
notic	piec-length-compos	1
notic	hold	1
notic	famili-instanc	1
notic	solut	1
dualiti	properti	1
dualiti	problem	2
dualiti	part	1
dualiti	trim	2
dualiti	approach	1
dualiti	linear	1
dualiti	hold	1
dualiti	cut-stock-problem	1
dualiti	instanc	1
hold	proper-pattern	2
hold	implemen	1
hold	part	2
hold	proof	1
hold	tation	1
hold	cut-plane	1
hold	problem	1
hold	correspond	1
hold	approach	2
hold	total-trimloss	1
hold	solv	1
hold	equal	1
hold	instanc	2
hold	trim	1
hold	trimloss	2
hold	assum	1
hold	properti	2
hold	linear	2
hold	cut-stock-problem	2
unpack	pattern	2
unpack	piec	1
unpack	piec-length-cut	2
unpack	least-piec-length	2
famili-instanc	trimless-pattern	1
famili-instanc	remov	2
famili-instanc	obtain	2
famili-instanc	posit	2
famili-instanc	theorem	3
famili-instanc	piec	2
famili-instanc	integ	3
famili-instanc	investig	2
famili-instanc	proof	1
famili-instanc	multipl	2
famili-instanc	verifi	1
famili-instanc	similar	1
famili-instanc	pattern	2
famili-instanc	smallest	4
famili-instanc	instanc	2
famili-instanc	separ	2
famili-instanc	defin	2
famili-instanc	common	2
nonirup-instanc-csp	equival	2
nonirup-instanc-csp	belong	2
nonirup-instanc-csp	complet	2
nonirup-instanc-csp	maxim	1
nonirup-instanc-csp	class	2
nonirup-instanc-csp	nondomin-pattern	1
nonirup-instanc-csp	domin	1
nonirup-instanc-csp	result	2
nonirup-instanc-csp	repeat	2
nonirup-instanc-csp	propos	2
nonirup-instanc-csp	equival-instanc	2
nonirup-instanc-csp	famili-nonequival	2
nonirup-instanc-csp	infinit	2
nonirup-instanc-csp	nica	2
nonirup-instanc-csp	solut	2
work	import	1
work	overview	2
work	higher	1
work	notat	1
work	connect	2
work	recent	2
work	problem	2
work	refer	2
work	dimension	1
work	paper	1
work	common	1
work	comprehens	2
uniqu	integr	1
uniqu	equat	1
uniqu	transform	1
uniqu	note	1
uniqu	exist-nonneg-integ	1
uniqu	side	1
uniqu	fulfil	1
uniqu	find	1
uniqu	case-interv	2
uniqu	pattern	1
uniqu	integ	2
uniqu	feasibl-pattern	1
uniqu	gamma	2
uniqu	gammaq	2
uniqu	summar	1
uniqu	form	2
counterexampl	length	1
counterexampl	optim	2
counterexampl	question	1
counterexampl	open	1
counterexampl	tighter	2
counterexampl	stock-problem-branchandbound	2
counterexampl	piec	1
counterexampl	integ	2
counterexampl	modifi-integ-roundup	2
counterexampl	comput	1
counterexampl	intract	1
counterexampl	piec-length-remain	1
counterexampl	continu-relax	2
counterexampl	ratio	2
counterexampl	increas	2
counterexampl	investig	2
counterexampl	stock-materi-length	2
counterexampl	implemen	1
counterexampl	tation	1
counterexampl	cut-plane	1
counterexampl	problem	2
counterexampl	solv	2
counterexampl	exist	2
counterexampl	stock-problem-csp	2
counterexampl	gap-equal	1
counterexampl	decad	1
counterexampl	onedimension-cut-stock	2
counterexampl	equal	1
counterexampl	paper-famili-nonirup	1
counterexampl	instanc-found	1
counterexampl	algorithm	2
counterexampl	present	1
counterexampl	integ-roundup-properti	2
counterexampl	cut-stock-problem	2
counterexampl	studi	1
counterexampl	mirupconjectur	2
proof	belong	2
proof	assign	2
proof	least	1
proof	proper-pattern	1
proof	proper	1
proof	construct	4
proof	optim-solut-proper	1
proof	mdimension	2
proof	obtain	1
proof	domin-cut-pattern	1
proof	easi	2
proof	character	2
proof	present	1
proof	theorem	8
proof	total-trimloss	2
proof	feasibl-solut	2
proof	piec	2
proof	exist	1
proof	optim	2
proof	obtain-nonirup-kinstanc	1
proof	fulfil	6
proof	hand	1
proof	cut-pattern-exist	4
proof	cut-pattern-assert	1
proof	show	3
proof	continu-relax	2
proof	instanc-kinstanc	1
proof	famili-nonirup-kinstanc	1
proof	prove	2
proof	equival	2
proof	notnecessarili	2
proof	feasibl-pattern	2
proof	usag	1
proof	delta	1
proof	contain	1
proof	verifi	2
proof	domin	1
proof	similar	2
proof	pattern	7
proof	order	4
proof	smallest	1
proof	nonirup	1
proof	ekkm	2
proof	kinstanc	1
proof	denot	2
proof	gamma	3
proof	rememb	1
proof	column	4
proof	equal	2
proof	instanc	6
proof	trimloss	1
proof	found	2
proof	sinceb	1
proof	time	2
proof	mean	2
proof	procedur	2
proof	suppos	1
proof	pattern-matrix	2
proof	assum	2
proof	assert	4
proof	nondomin	2
proof	case	1
proof	defin	1
proof	indexset	2
proof	nonirup-instanc-nonirup	1
proof	ptime	2
proof	remov	1
proof	maxim	1
proof	suggest	2
notnecessarili	belong	1
notnecessarili	assign	2
notnecessarili	optim	2
notnecessarili	mdimension	2
notnecessarili	character	2
notnecessarili	theorem	1
notnecessarili	feasibl-solut	2
notnecessarili	show	1
notnecessarili	continu-relax	2
notnecessarili	prove	2
notnecessarili	gamma	2
notnecessarili	feasibl-pattern	2
notnecessarili	pattern	2
notnecessarili	instanc	1
notnecessarili	found	2
notnecessarili	time	2
notnecessarili	defin	1
notnecessarili	ptime	2
instanc-belong-set	name	1
instanc-belong-set	length	1
instanc-belong-set	piec	1
instanc-belong-set	largest	1
instanc-belong-set	found	1
instanc-belong-set	multipl	2
instanc-belong-set	divis	2
instanc-belong-set	piec-length-instanc	1
instanc-belong-set	gap-delta	1
instanc-belong-set	special	1
instanc-belong-set	interest	1
instanc-belong-set	belong	1
instanc-belong-set	present	1
instanc-belong-set	case	1
instanc-belong-set	integ	2
instanc-belong-set	investig	1
instanc-belong-set	caseinst	2
occur	proper-pattern	1
occur	exist	1
occur	statement	1
occur	propos	1
occur	nonirup-instanc-obtain	2
occur	need	1
occur	piec	3
occur	note	1
occur	contradict	2
occur	maxim-respect	2
occur	fulfil	1
occur	maxim	2
occur	stronger	1
occur	exist-pattern	1
occur	show	2
occur	suppos	1
occur	solut	2
occur	increas	2
occur	feasibl-pattern	1
occur	integr	1
occur	trimloss	2
occur	pattern	5
occur	order	4
occur	paper	2
occur	theorem	1
occur	instanc	4
occur	consid	2
occur	feasibl-respect	2
occur	residu	3
occur	respect	2
occur	side	1
occur	assum	2
occur	case	2
occur	behavior	2
occur	summar	1
multipl	belong	1
multipl	length	1
multipl	largest	1
multipl	gap-delta	1
multipl	posit	1
multipl	piec	1
multipl	integ	3
multipl	investig	2
multipl	caseinst	2
multipl	divis	2
multipl	piec-length-instanc	1
multipl	pattern	1
multipl	smallest	2
multipl	instanc	1
multipl	name	1
multipl	separ	1
multipl	found	1
multipl	special	1
multipl	interest	1
multipl	present	1
multipl	case	1
multipl	defin	2
multipl	common	2
divis	belong	1
divis	length	1
divis	independ	1
divis	gap-delta	1
divis	largest	1
divis	character	1
divis	piec	1
divis	integ	2
divis	investig	2
divis	caseinst	2
divis	piec-length-instanc	1
divis	order	1
divis	denot	1
divis	equival-relat-instanc	1
divis	instanc	1
divis	name	2
divis	found	1
divis	famili-nonirup-instanc	1
divis	special	2
divis	interest	2
divis	present	1
divis	case	3
piec-length-instanc	belong	1
piec-length-instanc	found	1
piec-length-instanc	gap-delta	1
piec-length-instanc	present	1
piec-length-instanc	integ	1
piec-length-instanc	largest	1
piec-length-instanc	caseinst	1
verifi	separ	1
verifi	integ	1
verifi	least	1
verifi	contain	1
verifi	theorem	1
verifi	relax-bound	1
verifi	proper	1
verifi	piec	1
verifi	pattern	2
verifi	famili-nonirup-kinstanc	1
verifi	kinstanc	1
verifi	easi	2
verifi	posit	1
verifi	instanc-kinstanc	1
verifi	instanc	2
gammaq	integr	1
gammaq	equat	1
gammaq	transform	1
gammaq	note	1
gammaq	exist-nonneg-integ	1
gammaq	side	1
gammaq	fulfil	1
gammaq	form	2
gammaq	case-interv	2
gammaq	pattern	1
gammaq	integ	2
gammaq	feasibl-pattern	1
gammaq	gamma	2
gammaq	find	1
gammaq	summar	1
nonfeas	increas	1
nonfeas	feasibl-respect	2
nonfeas	respect	2
nonfeas	reach	1
nonfeas	stock-length	1
nonfeas	pattern	2
nonfeas	larg	2
nonfeas	piec-length-increas	1
nonfeas	piec-length-suffici	1
nonfeas	infin	2
cut-plane	tighter	1
cut-plane	stock-problem-branchandbound	1
cut-plane	implemen	2
cut-plane	optim	1
cut-plane	integ	1
cut-plane	modifi-integ-roundup	1
cut-plane	part	1
cut-plane	continu-relax	1
cut-plane	proper	1
cut-plane	investig	1
cut-plane	propos	2
cut-plane	tation	2
cut-plane	problem	1
cut-plane	pattern	1
cut-plane	solv	2
cut-plane	approach	1
cut-plane	stock-problem-csp	1
cut-plane	onedimension-cut-stock	1
cut-plane	instanc	1
cut-plane	algorithm	3
cut-plane	properti	1
cut-plane	linear	1
cut-plane	integ-roundup-properti	1
cut-plane	cut-stock-problem	2
short	belong	1
short	refer	2
short	class	1
short	special	1
short	properti	2
short	kinstanc	2
short	instanc-kinstanc	1
short	instanc	2
domin	belong	1
domin	nondomin-pattern	1
domin	equival-instanc	1
domin	propos	1
domin	identifi	2
domin	present	2
domin	equival	1
domin	contradict	2
domin	fulfil	2
domin	maxim	2
domin	class	1
domin	cut-pattern-exist	1
domin	lead	2
domin	determin	2
domin	condit	1
domin	show	1
domin	usag	2
domin	constraint	1
domin	column	1
domin	repeat	1
domin	solut	3
domin	pattern-domin	3
domin	feasibl-pattern	1
domin	delta	2
domin	result	1
domin	infinit	1
domin	pattern	5
domin	order	4
domin	exist	2
domin	numer	1
domin	famili-nonequival	1
domin	nica	1
domin	instanc	5
domin	feasibl-respect	2
domin	easili	2
domin	complet	1
domin	ffia	2
domin	pattern-matrix	2
domin	assert	3
domin	nondomin	1
domin	cut-stock-problem	2
domin	automat	1
practic	optim	1
practic	shown	2
practic	experi	2
practic	denot	1
practic	test	2
practic	comput	2
practic	instanc	1
case-interv	size	2
case-interv	form	4
case-interv	note	1
case-interv	integ	4
case-interv	fulfil	1
case-interv	find	2
case-interv	gamma	3
case-interv	transform	2
case-interv	feasibl-pattern	1
case-interv	exist-nonneg-integ	2
case-interv	integr	1
case-interv	contain	1
case-interv	pattern	1
case-interv	written	2
case-interv	equat	2
case-interv	side	1
case-interv	formula	2
case-interv	interv	2
case-interv	summar	1
correspond	proper-pattern	1
correspond	least	1
correspond	obtain	1
correspond	piec-length-compos	1
correspond	theorem	2
correspond	piec	1
correspond	stock-length	2
correspond	integ	1
correspond	maxim	1
correspond	lead	1
correspond	solut	1
correspond	form	2
correspond	contain	1
correspond	piec-length-set	2
correspond	pattern	1
correspond	rememb	1
correspond	instanc	2
correspond	consid	2
correspond	reduc	2
correspond	trimloss	1
correspond	procedur	1
correspond	omit	2
order	compon	2
order	independ	2
order	least-piec-length	2
order	obtain	1
order	piec-length-decreas	2
order	size	1
order	construct	4
order	statement	1
order	lead	2
order	equival-instanc	1
order	real	1
order	largest	1
order	structur	2
order	character	2
order	nonirup-instanc-obtain	2
order	theorem	2
order	need	1
order	delta	2
order	piec	2
order	note	3
order	contradict	2
order	integ	1
order	obtain-nonirup-kinstanc	2
order	increas	3
order	class	1
order	cut-pattern-exist	1
order	stronger	1
order	determin	2
order	larg	1
order	piec-length-increas	1
order	show	1
order	constraint	1
order	column	1
order	fulfil	2
order	cut-pattern-fulfil	1
order	usag	2
order	belong	1
order	repres	1
order	automat	1
order	result	1
order	pattern	9
order	clear	2
order	paper	2
order	nonirup	1
order	ekkm	2
order	mean-exist	2
order	numer	1
order	residu	3
order	equival-relat-instanc	2
order	instanc	14
order	consid	2
order	feasibl-respect	2
order	found	1
order	assum	1
order	procedur	2
order	gamma	1
order	pattern-matrix	2
order	reduct	2
order	special	1
order	assert	1
order	present	2
order	case	4
order	famili-nonirup-instanc	1
order	propos	1
order	behavior	2
order	nonirup-instanc-nonirup	1
order	condit	1
order	cut-stock-problem	2
order	solut	4
order	suggest	1
order	make	2
help	develop	2
help	number	1
help	infinit	1
help	paper	1
help	investig	2
help	approach	2
help	exist	1
help	algorithm	1
help	onedimension-csp	1
help	present	2
help	test	2
paper	length	2
paper	number	4
paper	recent	1
paper	shortli	1
paper	irup	1
paper	problem-csp	1
paper	nonirup-instanc-obtain	1
paper	possess	1
paper	need	2
paper	loss-gener	2
paper	piec	2
paper	test	1
paper	maxim	1
paper	refer	1
paper	investig	1
paper	stock-materi-length	1
paper	instanc	2
paper	solut	1
paper	increas	1
paper	cut-pattern-cut	1
paper	solut-approach	2
paper	reel	2
paper	notat	2
paper	classic	2
paper	gomori	2
paper	problem	1
paper	infinit	1
paper	pattern	2
paper	approach	1
paper	denot	1
paper	comprehens	1
paper	gilmor	2
paper	onedimension-cut-stock	1
paper	unlimit	1
paper	introduct	1
paper	consid	2
paper	task	2
paper	overview	1
paper	residu	2
paper	assum	2
paper	connect	1
paper	present	1
paper	case	1
paper	ident	1
paper	stock-materi-piec	2
paper	behavior	1
paper	common	2
paper	develop	1
paper	minim	2
nonirup	belong	1
nonirup	length	2
nonirup	number	1
nonirup	exist	2
nonirup	construct	2
nonirup	irup	1
nonirup	theorem	1
nonirup	possess	1
nonirup	violat	2
nonirup	obtain-nonirup-kinstanc	1
nonirup	larg	1
nonirup	piec-length-increas	1
nonirup	show	1
nonirup	rare	1
nonirup	onedimension-csp	1
nonirup	delta	1
nonirup	piec	2
nonirup	limit	1
nonirup	smallest	2
nonirup	kinstanc	1
nonirup	conjectur	1
nonirup	numer	1
nonirup	rememb	1
nonirup	test	1
nonirup	instanc	4
nonirup	reduc	2
nonirup	procedur	1
nonirup	mirup	1
nonirup	case	1
nonirup	properti	2
nonirup	integ-roundup-properti	1
nonirup	suggest	1
ekkm	pattern	2
ekkm	construct	2
ekkm	gamma	1
kinstanc	belong	2
kinstanc	increas	1
kinstanc	obtain	2
kinstanc	easi	1
kinstanc	theorem	1
kinstanc	piec	2
kinstanc	stock-length	1
kinstanc	reach	1
kinstanc	class	1
kinstanc	larg	1
kinstanc	refer	2
kinstanc	instanc-kinstanc	1
kinstanc	famili-nonirup-kinstanc	1
kinstanc	exist	1
kinstanc	instanc	4
kinstanc	special	1
kinstanc	shown	2
kinstanc	properti	2
kinstanc	piec-length-suffici	1
mean-exist	proper-trimless-pattern	2
mean-exist	class	1
mean-exist	residu	1
mean-exist	exist-nonneg-integ	2
mean-exist	assum	2
mean-exist	compon	2
mean-exist	repres	1
mean-exist	reduct	2
mean-exist	special	1
mean-exist	cut-pattern-fulfil	1
mean-exist	obtain	1
mean-exist	gamma	1
mean-exist	instanc	1
stock-problem-csp	optim	2
stock-problem-csp	studi	1
stock-problem-csp	tighter	2
stock-problem-csp	stock-problem-branchandbound	2
stock-problem-csp	comput	1
stock-problem-csp	implemen	1
stock-problem-csp	integ	2
stock-problem-csp	modifi-integ-roundup	2
stock-problem-csp	intract	1
stock-problem-csp	continu-relax	2
stock-problem-csp	investig	2
stock-problem-csp	tation	1
stock-problem-csp	problem	2
stock-problem-csp	onedimension-cut-stock	2
stock-problem-csp	solv	2
stock-problem-csp	algorithm	2
stock-problem-csp	integ-roundup-properti	2
stock-problem-csp	cut-stock-problem	2
comprehens	import	1
comprehens	overview	2
comprehens	higher	1
comprehens	notat	1
comprehens	connect	2
comprehens	recent	2
comprehens	problem	2
comprehens	refer	2
comprehens	dimension	1
comprehens	common	1
decad	instanc-found	2
decad	gap-equal	1
decad	delta	1
decad	modifi-integ-roundup	1
decad	properti	1
decad	defin	1
decad	mirup	1
decad	possess	1
decad	instanc	1
equival-relat-instanc	cut-pattern-section	1
equival-relat-instanc	independ	4
equival-relat-instanc	number	1
equival-relat-instanc	size	1
equival-relat-instanc	construct	1
equival-relat-instanc	obtain-nonirup-instanc	1
equival-relat-instanc	kind	2
equival-relat-instanc	obtain	1
equival-relat-instanc	character	2
equival-relat-instanc	real	1
equival-relat-instanc	equival	2
equival-relat-instanc	piec	1
equival-relat-instanc	integr	1
equival-relat-instanc	integ	1
equival-relat-instanc	unlimit	1
equival-relat-instanc	stock-materi-length	1
equival-relat-instanc	instanc	3
equival-relat-instanc	problem-csp	1
equival-relat-instanc	possibl	2
equival-relat-instanc	pattern	1
equival-relat-instanc	equival-instanc	1
equival-relat-instanc	gap-equal	1
equival-relat-instanc	onedimension-cut-stock	1
equival-relat-instanc	discuss	1
equival-relat-instanc	introduct	1
equival-relat-instanc	consid	2
equival-relat-instanc	assum	1
equival-relat-instanc	famili-nonirup-instanc	1
equival-relat-instanc	case	2
equival-relat-instanc	ident	1
equival-relat-instanc	defin	2
equival-relat-instanc	inputdata	1
equival-relat-instanc	cut-stock-problem	2
equival-relat-instanc	base	2
onedimension-cut-stock	length	1
onedimension-cut-stock	independ	1
onedimension-cut-stock	number	2
onedimension-cut-stock	optim	4
onedimension-cut-stock	studi	1
onedimension-cut-stock	tighter	2
onedimension-cut-stock	stock-problem-branchandbound	2
onedimension-cut-stock	small-gap	2
onedimension-cut-stock	seri	1
onedimension-cut-stock	piec	2
onedimension-cut-stock	implemen	1
onedimension-cut-stock	integ	4
onedimension-cut-stock	modifi-integ-roundup	2
onedimension-cut-stock	comput	1
onedimension-cut-stock	intract	1
onedimension-cut-stock	continu-relax	4
onedimension-cut-stock	investig	3
onedimension-cut-stock	instanc	2
onedimension-cut-stock	bound	2
onedimension-cut-stock	problem-csp	4
onedimension-cut-stock	stock-materi-length	2
onedimension-cut-stock	reel	1
onedimension-cut-stock	tation	1
onedimension-cut-stock	observ-initi	1
onedimension-cut-stock	problem	3
onedimension-cut-stock	solv	2
onedimension-cut-stock	unlimit	2
onedimension-cut-stock	introduct	2
onedimension-cut-stock	consid	1
onedimension-cut-stock	algorithm	2
onedimension-cut-stock	famili-nonirup-instanc	1
onedimension-cut-stock	case	2
onedimension-cut-stock	ident	2
onedimension-cut-stock	observ	2
onedimension-cut-stock	integ-roundup-properti	2
onedimension-cut-stock	cut-stock-problem	2
greater	construct	2
greater	irup	1
greater	obtain	1
greater	randomli	2
greater	comput	2
greater	gap-equal	1
greater	paper-famili-nonirup	2
greater	possess	2
greater	show	2
greater	instanc-possess	1
greater	exist	2
greater	integ-roundup-properti	1
greater	instanc	2
greater	year	2
greater	present	2
greater	publish	2
greater	experi	2
greater	suggest	2
discuss	equival	1
discuss	restrict	1
discuss	famili-nonirup-instanc	1
discuss	present	1
discuss	possibl	1
discuss	construct	2
discuss	base	1
discuss	pattern	1
discuss	obtain-nonirup-instanc	2
discuss	kind	1
discuss	defin	1
discuss	cut-stock-problem	1
introduct	consid	1
introduct	length	1
introduct	independ	1
introduct	number	2
introduct	piec	2
introduct	reel	1
introduct	ident	2
introduct	stock-materi-length	2
introduct	problem-csp	2
introduct	unlimit	2
name	length	1
name	piec	1
name	special	2
name	interest	2
name	case	2
name	integ	1
name	investig	2
name	denot	1
name	caseinst	1
instanc-found	gap-equal	1
instanc-found	delta	1
instanc-found	modifi-integ-roundup	1
instanc-found	properti	1
instanc-found	defin	1
instanc-found	mirup	1
instanc-found	possess	1
instanc-found	instanc	1
separ	integ	2
separ	pattern	2
separ	smallest	1
separ	defin	1
separ	common	1
separ	posit	2
separ	instanc	2
easili	pattern-domin	1
easili	ffia	1
easili	assert	1
easili	pattern	2
easili	identifi	2
found	belong	3
found	assign	2
found	optim	2
found	gap-delta	2
found	mdimension	2
found	largest	4
found	character	2
found	theorem	1
found	feasibl-solut	2
found	integ	1
found	show	1
found	continu-relax	2
found	ration	1
found	investig	1
found	prove	2
found	gamma	2
found	size	1
found	caseinst	1
found	pattern	3
found	instanc	2
found	time	2
found	feasibl-pattern	2
found	present	2
found	defin	1
found	ptime	2
complet	equival	2
complet	belong	2
complet	maxim	1
complet	class	2
complet	nondomin-pattern	1
complet	result	2
complet	repeat	2
complet	propos	2
complet	nica	2
complet	equival-instanc	2
complet	famili-nonequival	2
complet	infinit	2
complet	solut	2
side	form	1
side	note	2
side	integ	1
side	integr	2
side	fulfil	2
side	feasibl-pattern	2
side	pattern	2
side	show	1
side	gamma	1
side	summar	2
mean	number	1
mean	increas	1
mean	solut-approach	1
mean	construct	2
mean	model	1
mean	propos	1
mean	nonirup-instanc-obtain	2
mean	need	2
mean	equival	2
mean	piec	1
mean	note	1
mean	integ	1
mean	fulfil	4
mean	theorem	2
mean	show	2
mean	real	1
mean	constraint	2
mean	activ	2
mean	solut	2
mean	consist	1
mean	analog	1
mean	pattern	3
mean	assumpt	2
mean	denot	2
mean	solv	1
mean	instanc	2
mean	time	1
mean	pattern-matrix	2
mean	variabl	1
mean	assert	1
mean	base	2
mean	suitabl	2
mean	common	1
mean	piec-length-cut	1
mean	optim-solut-integ	2
procedur	nonirup-instanc-nonirup	1
procedur	obtain	3
procedur	least	2
procedur	domin-cut-pattern	1
procedur	construct	2
procedur	nonirup-instanc-construct	1
procedur	piec-length-compos	2
procedur	theorem	5
procedur	applic	1
procedur	note	1
procedur	integ	2
procedur	obtain-nonirup-kinstanc	1
procedur	increas	1
procedur	lead	2
procedur	determin	2
procedur	continu-relax	1
procedur	repeat	3
procedur	solut	2
procedur	result	4
procedur	denot	1
procedur	succeed	1
procedur	rememb	1
procedur	addit	1
procedur	instanc	4
procedur	pattern	1
procedur	defin	2
procedur	indexset	1
procedur	maxim	2
procedur	suggest	2
connect	import	1
connect	overview	2
connect	higher	1
connect	notat	1
connect	refer	2
connect	recent	2
connect	problem	2
connect	dimension	1
connect	common	1
year	construct	2
year	irup	1
year	obtain	1
year	randomli	2
year	comput	2
year	gap-equal	1
year	paper-famili-nonirup	2
year	possess	2
year	show	2
year	instanc-possess	1
year	exist	2
year	integ-roundup-properti	1
year	instanc	2
year	present	2
year	publish	2
year	experi	2
year	suggest	2
reduct	residu	1
reduct	compon	2
reduct	class	1
reduct	special	1
reduct	instanc	1
special	length	1
special	denot	1
special	piec	1
special	integ	1
special	class	2
special	refer	1
special	investig	2
special	caseinst	1
special	instanc	1
special	compon	1
special	interest	2
special	case	2
special	properti	1
variabl	model	2
variabl	denot	2
variabl	number	2
variabl	integ	2
variabl	construct	1
variabl	optim-solut-integ	1
variabl	solut-approach	2
variabl	pattern	2
variabl	suitabl	1
variabl	consist	2
variabl	common	2
variabl	proper	1
variabl	time	2
variabl	solv	2
variabl	base	1
variabl	real	2
variabl	solut	1
shown	piec	1
shown	obtain	1
shown	optim	1
shown	experi	2
shown	denot	1
shown	test	2
shown	comput	2
shown	instanc	2
nondomin	feasibl-pattern	1
nondomin	exist	2
nondomin	similar	2
nondomin	fulfil	2
nondomin	nondomin-pattern	2
nondomin	maxim	2
nondomin	cut-pattern-exist	2
nondomin	cut-pattern-assert	1
nondomin	pattern	3
nondomin	identifi	2
nondomin	assert	3
nondomin	indexset	2
nondomin	column	2
nondomin	instanc	1
publish	construct	2
publish	irup	1
publish	obtain	1
publish	randomli	2
publish	comput	2
publish	gap-equal	1
publish	paper-famili-nonirup	2
publish	possess	2
publish	show	2
publish	instanc-possess	1
publish	exist	2
publish	integ-roundup-properti	1
publish	instanc	2
publish	present	2
publish	experi	2
publish	suggest	2
suitabl	model	1
suitabl	denot	1
suitabl	number	1
suitabl	integ	1
suitabl	construct	2
suitabl	optim-solut-integ	2
suitabl	solut-approach	1
suitabl	pattern	1
suitabl	common	1
suitabl	consist	1
suitabl	time	1
suitabl	solv	1
suitabl	base	2
suitabl	real	1
suitabl	solut	2
cut-pattern-domin	assert	2
cut-pattern-domin	pattern	2
cut-pattern-domin	cut-pattern-fulfil	2
cut-pattern-domin	need	1
formula	equat	1
formula	transform	1
formula	exist-nonneg-integ	1
formula	integ	2
formula	contain	1
formula	interv	2
formula	size	2
formula	written	2
formula	find	1
formula	gamma	1
formula	form	2
piec-length-suffici	increas	2
piec-length-suffici	feasibl-respect	1
piec-length-suffici	respect	1
piec-length-suffici	piec	1
piec-length-suffici	reach	2
piec-length-suffici	obtain	1
piec-length-suffici	stock-length	2
piec-length-suffici	pattern	1
piec-length-suffici	larg	2
piec-length-suffici	infin	1
inputdata	cut-pattern-section	1
inputdata	equival	1
inputdata	integr	2
inputdata	assum	2
inputdata	possibl	1
inputdata	pattern	1
inputdata	equival-instanc	1
inputdata	kind	1
inputdata	defin	1
inputdata	cut-stock-problem	1
inputdata	base	1
common	number	2
common	proper	1
common	recent	1
common	solut-approach	2
common	construct	1
common	model	2
common	irup	1
common	posit	1
common	possess	1
common	integ	3
common	optim-solut-integ	1
common	refer	1
common	investig	1
common	real	2
common	solut	1
common	notat	2
common	consist	2
common	problem	1
common	pattern	3
common	smallest	2
common	denot	3
common	solv	2
common	instanc	1
common	overview	1
common	time	2
common	defin	2
common	base	1
difficulti	import	1
difficulti	algorithm	1
difficulti	higher	1
difficulti	problem	2
difficulti	present	1
difficulti	dimension	1
difficulti	exist	1
difficulti	nonirup-instanc-comput	2
linear	implemen	1
linear	properti	2
linear	tation	1
linear	problem	1
linear	part	2
linear	trim	1
linear	cut-stock-problem	2
linear	instanc	2
linear	solv	1
linear	approach	2
integ-roundup-properti	number	1
integ-roundup-properti	optim	2
integ-roundup-properti	studi	1
integ-roundup-properti	tighter	2
integ-roundup-properti	small-gap	1
integ-roundup-properti	stock-problem-branchandbound	2
integ-roundup-properti	irup	4
integ-roundup-properti	seri	1
integ-roundup-properti	randomli	1
integ-roundup-properti	implemen	1
integ-roundup-properti	paper-famili-nonirup	1
integ-roundup-properti	integ	2
integ-roundup-properti	modifi-integ-roundup	2
integ-roundup-properti	comput	2
integ-roundup-properti	intract	1
integ-roundup-properti	show	1
integ-roundup-properti	continu-relax	2
integ-roundup-properti	investig	4
integ-roundup-properti	solv	2
integ-roundup-properti	gamma	1
integ-roundup-properti	delta	2
integ-roundup-properti	construct	1
integ-roundup-properti	tation	1
integ-roundup-properti	observ-initi	2
integ-roundup-properti	problem	2
integ-roundup-properti	exist	1
integ-roundup-properti	instanc	3
integ-roundup-properti	algorithm	2
integ-roundup-properti	instanc-possess	2
integ-roundup-properti	present	1
integ-roundup-properti	possess	1
integ-roundup-properti	experi	1
integ-roundup-properti	cut-stock-problem	2
integ-roundup-properti	suggest	1
cut-stock-problem	cut-pattern-section	1
cut-stock-problem	numer	1
cut-stock-problem	properti	2
cut-stock-problem	studi	1
cut-stock-problem	tighter	2
cut-stock-problem	construct	1
cut-stock-problem	obtain-nonirup-instanc	1
cut-stock-problem	stock-problem-branchandbound	2
cut-stock-problem	part	2
cut-stock-problem	equival	2
cut-stock-problem	intract	1
cut-stock-problem	optim	2
cut-stock-problem	integ	2
cut-stock-problem	fulfil	1
cut-stock-problem	modifi-integ-roundup	2
cut-stock-problem	lead	2
cut-stock-problem	comput	1
cut-stock-problem	determin	2
cut-stock-problem	condit	1
cut-stock-problem	show	1
cut-stock-problem	continu-relax	2
cut-stock-problem	possibl	2
cut-stock-problem	solut	2
cut-stock-problem	investig	2
cut-stock-problem	integr	1
cut-stock-problem	tation	2
cut-stock-problem	problem	3
cut-stock-problem	pattern	1
cut-stock-problem	solv	3
cut-stock-problem	approach	2
cut-stock-problem	constraint	1
cut-stock-problem	implemen	2
cut-stock-problem	instanc	4
cut-stock-problem	trim	1
cut-stock-problem	feasibl-respect	2
cut-stock-problem	algorithm	2
cut-stock-problem	contradict	2
cut-stock-problem	assum	1
cut-stock-problem	pattern-matrix	2
cut-stock-problem	kind	2
cut-stock-problem	defin	2
cut-stock-problem	automat	1
cut-stock-problem	base	2
infin	increas	1
infin	feasibl-respect	2
infin	respect	2
infin	reach	1
infin	stock-length	1
infin	pattern	2
infin	larg	2
infin	piec-length-increas	1
piec-length-cut	length	1
piec-length-cut	piec	2
piec-length-cut	integ	1
piec-length-cut	least-piec-length	2
piec-length-cut	pattern	4
piec-length-cut	cover	1
piec-length-cut	piec-length-pattern	1
piec-length-cut	suppos	1
piec-length-cut	need	1
piec-length-cut	solut	1
base	cut-pattern-section	1
base	number	1
base	solut-approach	1
base	construct	3
base	obtain-nonirup-instanc	1
base	model	1
base	kind	2
base	real	1
base	equival	2
base	integ	1
base	optim-solut-integ	2
base	solut	2
base	integr	1
base	consist	1
base	possibl	2
base	pattern	2
base	denot	1
base	solv	1
base	time	1
base	assum	1
base	defin	2
nonirup-instanc-paper	number	1
nonirup-instanc-paper	limit	1
nonirup-instanc-paper	present	1
nonirup-instanc-paper	rare	1
nonirup-instanc-paper	exist	1
nonirup-instanc-paper	numer	1
nonirup-instanc-paper	infinit	1
nonirup-instanc-paper	test	1
omit	consid	2
omit	pattern	1
omit	stock-length	2
omit	form	2
omit	least	1
omit	contain	1
omit	piec-length-set	2
omit	piec	1
omit	reduc	2
omit	rememb	1
omit	theorem	2
omit	instanc	2
cut-pattern-section	equival	1
cut-pattern-section	integr	1
cut-pattern-section	assum	1
cut-pattern-section	possibl	1
cut-pattern-section	kind	1
cut-pattern-section	defin	1
length	proper-pattern	2
length	show	1
length	nonprop	1
length	hand	1
length	task	1
length	propos	1
length	mirupconjectur	1
length	number	2
length	need	2
length	violat	2
length	note	1
length	paper-famili-nonirup	1
length	integ	3
length	theorem	1
length	cover	2
length	stock-materi-piec	1
length	investig	1
length	ratio	1
length	instanc	1
length	suppos	2
length	caseinst	1
length	solut	2
length	increas	1
length	optim	1
length	problem-csp	1
length	piec	5
length	construct	2
length	stock-materi-length	2
length	stock-materi-defin	2
length	pattern	3
length	smallest	2
length	lead	1
length	exist	1
length	nica	1
length	unlimit	1
length	reduc	4
length	reel	2
length	interest	1
length	present	1
length	case	2
length	ident	1
length	properti	2
length	minim	1
length	piec-length-pattern	2
assign	belong	1
assign	optim	2
assign	mdimension	2
assign	character	2
assign	theorem	1
assign	feasibl-solut	2
assign	show	1
assign	continu-relax	2
assign	prove	2
assign	gamma	2
assign	feasibl-pattern	2
assign	pattern	2
assign	instanc	1
assign	time	2
assign	defin	1
assign	ptime	2
independ	number	1
independ	size	1
independ	obtain	1
independ	character	2
independ	real	1
independ	piec	1
independ	gap-equal	1
independ	integ	1
independ	larg	2
independ	stock-materi-length	1
independ	pattern-domin	1
independ	problem-csp	1
independ	pattern	1
independ	exist	1
independ	equival-instanc	1
independ	unlimit	1
independ	instanc	3
independ	consid	2
independ	assum	1
independ	famili-nonirup-instanc	1
independ	case	2
independ	ident	1
independ	defin	2
number	minim	2
number	proper	1
number	size	2
number	solut-approach	3
number	task	2
number	equival-instanc	1
number	irup	1
number	possess	1
number	need	2
number	loss-gener	1
number	piec	2
number	gilmor	1
number	integ	3
number	solv	2
number	optim-solut-integ	1
number	stock-materi-piec	2
number	investig	4
number	real	2
number	stock-materi-length	2
number	rare	2
number	test	3
number	onedimension-csp	1
number	instanc	3
number	small-gap	2
number	solut	1
number	denot	2
number	problem-csp	2
number	ration	2
number	delta	2
number	reel	2
number	construct	1
number	gomori	1
number	observ-initi	2
number	infinit	2
number	pattern	2
number	classic	1
number	approach	1
number	exist	2
number	conjectur	1
number	numer	2
number	consist	2
number	unlimit	2
number	consid	1
number	model	2
number	time	2
number	mirup	1
number	assum	3
number	present	2
number	case	1
number	ident	2
number	gamma	2
number	limit	2
number	develop	1
restrict	famili-nonirup-instanc	2
restrict	construct	1
restrict	obtain-nonirup-instanc	1
restrict	present	2
least	proper-pattern	2
least	least-piec-length	2
least	easi	1
least	theorem	1
least	piec	2
least	stock-length	1
least	contradict	2
least	exist-pattern	1
least	determin	2
least	instanc-kinstanc	1
least	solut	1
least	trimloss-least	2
least	form	1
least	contain	2
least	piec-length-set	1
least	pattern	2
least	famili-nonequival	1
least	total-trimloss	2
least	instanc	2
least	consid	1
least	trimloss	1
least	reduc	1
least	defin	2
trimless-pattern	piec	1
trimless-pattern	theorem	1
trimless-pattern	smallest	1
trimless-pattern	remov	1
trimless-pattern	obtain	1
open	increas	1
open	exist	1
open	question	2
open	piec-length-remain	1
open	mirupconjectur	1
open	stock-materi-length	1
open	ratio	1
open	identif	1
open	instanc	1
open	effici	1
open	approach	1
lexicograph	equival	1
lexicograph	loss-gener	1
lexicograph	versa	1
lexicograph	vice	1
lexicograph	decreas	2
lexicograph	pattern	1
lexicograph	feasibl-pattern	1
lexicograph	equival-instanc	1
lexicograph	cut-pattern-assum	2
size	belong	1
size	gap-delta	1
size	largest	1
size	character	1
size	real	1
size	form	2
size	integ	4
size	interv	2
size	investig	2
size	ration	3
size	find	1
size	gamma	1
size	transform	1
size	exist-nonneg-integ	1
size	contain	1
size	written	2
size	equival-instanc	2
size	instanc	2
size	equat	1
size	assum	2
size	present	1
size	case	2
solut-approach	proper	1
solut-approach	shortli	1
solut-approach	task	1
solut-approach	need	1
solut-approach	loss-gener	2
solut-approach	integ	2
solut-approach	optim-solut-integ	1
solut-approach	stock-materi-piec	1
solut-approach	real	2
solut-approach	consist	2
solut-approach	solut	1
solut-approach	cut-pattern-cut	1
solut-approach	construct	1
solut-approach	gomori	2
solut-approach	pattern	3
solut-approach	classic	2
solut-approach	denot	2
solut-approach	gilmor	2
solut-approach	solv	2
solut-approach	time	2
solut-approach	assum	2
solut-approach	model	2
solut-approach	minim	1
solut-approach	maxim	1
construct	belong	1
construct	proper-trimless-pattern	2
construct	nonirup-instanc-nonirup	1
construct	optim	1
construct	proper-pattern	2
construct	proper	2
construct	obtain-nonirup-instanc	2
construct	model	1
construct	irup	1
construct	kind	1
construct	nonprop	1
construct	real	1
construct	equival	1
construct	piec	1
construct	obtain	1
construct	rememb	1
construct	paper-famili-nonirup	2
construct	integ	1
construct	obtain-nonirup-kinstanc	2
construct	randomli	2
construct	optim-solut-integ	2
construct	hand	1
construct	lead	1
construct	instanc-possess	1
construct	comput	2
construct	larg	1
construct	piec-length-increas	1
construct	show	2
construct	exist	2
construct	gamma	1
construct	famili-nonirup-instanc	1
construct	solut	2
construct	possess	2
construct	consist	1
construct	possibl	1
construct	pattern	8
construct	theorem	2
construct	denot	1
construct	gap-equal	1
construct	solv	1
construct	instanc	6
construct	reduc	2
construct	experi	2
construct	time	1
construct	present	3
construct	defin	1
construct	suggest	4
nonirup-instanc-construct	increas	2
nonirup-instanc-construct	integ	1
nonirup-instanc-construct	maxim	1
nonirup-instanc-construct	lead	1
nonirup-instanc-construct	continu-relax	2
nonirup-instanc-construct	obtain	1
nonirup-instanc-construct	piec-length-compos	1
nonirup-instanc-construct	solut	1
nonirup-instanc-construct	addit	2
statement	paper-famili-nonirup	1
statement	stronger	2
statement	present	1
statement	pattern	1
statement	propos	2
statement	nonirup-instanc-obtain	1
statement	need	2
statement	solut	1
obtain-nonirup-instanc	kind	1
obtain-nonirup-instanc	theorem	1
obtain-nonirup-instanc	applic	1
obtain-nonirup-instanc	equival	1
obtain-nonirup-instanc	note	1
obtain-nonirup-instanc	repeat	1
obtain-nonirup-instanc	possibl	3
obtain-nonirup-instanc	pattern	1
obtain-nonirup-instanc	succeed	1
obtain-nonirup-instanc	instanc	1
obtain-nonirup-instanc	famili-nonirup-instanc	1
obtain-nonirup-instanc	present	1
obtain-nonirup-instanc	defin	1
task	loss-gener	1
task	reel	1
task	gomori	1
task	assum	1
task	classic	1
task	stock-materi-piec	2
task	gilmor	1
task	minim	2
task	need	2
stock-problem-branchandbound	optim	2
stock-problem-branchandbound	studi	1
stock-problem-branchandbound	tighter	2
stock-problem-branchandbound	comput	1
stock-problem-branchandbound	implemen	1
stock-problem-branchandbound	integ	2
stock-problem-branchandbound	modifi-integ-roundup	2
stock-problem-branchandbound	intract	1
stock-problem-branchandbound	continu-relax	2
stock-problem-branchandbound	investig	2
stock-problem-branchandbound	tation	1
stock-problem-branchandbound	problem	2
stock-problem-branchandbound	solv	2
stock-problem-branchandbound	algorithm	2
mdimension	belong	1
mdimension	optim	2
mdimension	character	2
mdimension	theorem	1
mdimension	feasibl-solut	2
mdimension	show	1
mdimension	continu-relax	2
mdimension	prove	2
mdimension	gamma	2
mdimension	feasibl-pattern	2
mdimension	pattern	2
mdimension	instanc	1
mdimension	time	2
mdimension	defin	1
mdimension	ptime	2
kind	equival	2
kind	integr	1
kind	assum	1
kind	possibl	2
kind	pattern	1
kind	defin	2
remov	theorem	2
remov	piec	2
remov	similar	1
remov	smallest	2
remov	obtain	2
mirupconjectur	paper-famili-nonirup	1
mirupconjectur	increas	2
mirupconjectur	piec	1
mirupconjectur	question	1
mirupconjectur	present	1
mirupconjectur	piec-length-remain	1
mirupconjectur	exist	2
mirupconjectur	stock-materi-length	2
mirupconjectur	ratio	2
structur	belong	1
structur	note	2
structur	piec-length-decreas	2
structur	clear	2
structur	make	2
structur	theorem	1
structur	instanc	2
small-gap	integ	2
small-gap	optim	2
small-gap	investig	3
small-gap	famili-nonirup-instanc	1
small-gap	gamma	2
small-gap	delta	2
small-gap	observ-initi	3
small-gap	problem	1
small-gap	case	2
small-gap	irup	1
small-gap	continu-relax	2
small-gap	problem-csp	2
small-gap	observ	2
small-gap	seri	1
small-gap	bound	2
small-gap	instanc	4
posit	integ	2
posit	pattern	2
posit	smallest	1
posit	defin	1
posit	instanc	2
piec-length-compos	increas	1
piec-length-compos	integ	2
piec-length-compos	maxim	2
piec-length-compos	lead	2
piec-length-compos	continu-relax	1
piec-length-compos	obtain	2
piec-length-compos	addit	1
piec-length-compos	solut	2
nonirup-instanc-obtain	assumpt	2
nonirup-instanc-obtain	increas	1
nonirup-instanc-obtain	fulfil	2
nonirup-instanc-obtain	note	1
nonirup-instanc-obtain	show	2
nonirup-instanc-obtain	propos	1
nonirup-instanc-obtain	theorem	2
nonirup-instanc-obtain	stronger	1
nonirup-instanc-obtain	consid	1
nonirup-instanc-obtain	pattern	2
nonirup-instanc-obtain	residu	1
nonirup-instanc-obtain	instanc	2
nonirup-instanc-obtain	need	1
nonirup-instanc-obtain	solut	2
seri	integ	1
seri	problem-csp	1
seri	optim	1
seri	investig	2
seri	instanc-possess	1
seri	observ	1
seri	observ-initi	2
seri	case	1
seri	irup	1
seri	continu-relax	1
seri	bound	1
seri	instanc	1
randomli	irup	1
randomli	obtain	1
randomli	comput	2
randomli	gap-equal	1
randomli	paper-famili-nonirup	2
randomli	possess	2
randomli	show	2
randomli	instanc-possess	1
randomli	exist	2
randomli	instanc	2
randomli	present	2
randomli	experi	2
randomli	suggest	2
comput	optim	2
comput	studi	1
comput	tighter	1
comput	irup	1
comput	obtain	1
comput	test	2
comput	gap-equal	1
comput	paper-famili-nonirup	2
comput	integ	1
comput	modifi-integ-roundup	1
comput	possess	2
comput	intract	1
comput	show	2
comput	continu-relax	1
comput	investig	1
comput	solv	1
comput	problem	1
comput	experi	4
comput	exist	2
comput	denot	1
comput	instanc	3
comput	algorithm	1
comput	instanc-possess	1
comput	present	2
comput	suggest	2
need	propos	3
need	piec-length-pattern	1
need	stronger	2
need	loss-gener	1
need	piec	1
need	paper-famili-nonirup	1
need	integ	1
need	stock-materi-piec	2
need	cut-pattern-fulfil	1
need	suppos	1
need	solut	2
need	reel	1
need	gomori	1
need	analog	1
need	pattern	6
need	cover	1
need	gilmor	1
need	classic	1
need	assum	1
need	assert	1
need	present	1
need	minim	2
feasibl-solut	belong	1
feasibl-solut	optim	2
feasibl-solut	character	2
feasibl-solut	theorem	1
feasibl-solut	show	1
feasibl-solut	continu-relax	2
feasibl-solut	prove	2
feasibl-solut	gamma	2
feasibl-solut	feasibl-pattern	2
feasibl-solut	pattern	2
feasibl-solut	instanc	1
feasibl-solut	time	2
feasibl-solut	defin	1
feasibl-solut	ptime	2
equival	belong	2
equival	famili-nonequival	2
equival	character	2
equival	loss-gener	1
equival	versa	2
equival	fulfil	2
equival	class	4
equival	nica	2
equival	repeat	2
equival	solut	2
equival	feasibl-pattern	2
equival	integr	1
equival	view	1
equival	possibl	2
equival	infinit	2
equival	result	2
equival	pattern	1
equival	theta	2
equival	decreas	1
equival	denot	3
equival	equival-instanc	2
equival	induc	1
equival	cone	1
equival	instanc	3
equival	vice	2
equival	pattern-matrix	2
equival	assum	1
equival	assert	1
equival	propos	2
equival	defin	2
equival	nondomin-pattern	1
equival	maxim	1
equival	cut-pattern-assum	1
violat	properti	2
violat	piec	2
violat	reduc	2
violat	case	1
violat	smallest	2
violat	show	1
piec-length-decreas	belong	1
piec-length-decreas	note	2
piec-length-decreas	clear	2
piec-length-decreas	make	2
piec-length-decreas	theorem	1
piec-length-decreas	instanc	2
note	belong	2
note	least-piec-length	1
note	result	1
note	propos	2
note	applic	2
note	integ	1
note	theorem	7
note	show	2
note	repeat	2
note	gamma	1
note	increas	2
note	feasibl-pattern	2
note	form	1
note	integr	2
note	possibl	1
note	pattern	3
note	assumpt	1
note	famili-nonequival	2
note	succeed	2
note	clear	2
note	nica	2
note	instanc	6
note	consid	1
note	case	1
note	fulfil	3
note	summar	2
note	make	2
gap-equal	show	1
gap-equal	obtain	2
gap-equal	instanc	2
gap-equal	experi	1
gap-equal	exist	1
gap-equal	paper-famili-nonirup	1
gap-equal	consid	1
gap-equal	present	1
gap-equal	possess	1
gap-equal	suggest	1
paper-famili-nonirup	show	2
paper-famili-nonirup	propos	1
paper-famili-nonirup	obtain	1
paper-famili-nonirup	piec	1
paper-famili-nonirup	stronger	1
paper-famili-nonirup	ratio	1
paper-famili-nonirup	increas	1
paper-famili-nonirup	stock-materi-length	1
paper-famili-nonirup	experi	2
paper-famili-nonirup	exist	3
paper-famili-nonirup	instanc	2
paper-famili-nonirup	instanc-possess	1
paper-famili-nonirup	irup	1
paper-famili-nonirup	present	4
paper-famili-nonirup	possess	2
paper-famili-nonirup	suggest	2
maxim-respect	feasibl-respect	3
maxim-respect	respect	3
maxim-respect	maxim	3
maxim-respect	exist-pattern	2
maxim-respect	exist	2
maxim-respect	contradict	2
maxim-respect	assum	2
object	loss-gener	1
object	case	2
object	function	2
object	time	2
object	nonequival-instanc	2
object	pattern	2
object	obtain	2
reach	increas	2
reach	feasibl-respect	1
reach	respect	1
reach	piec	1
reach	obtain	1
reach	stock-length	2
reach	pattern	1
reach	larg	2
modifi-integ-roundup	optim	2
modifi-integ-roundup	studi	1
modifi-integ-roundup	tighter	2
modifi-integ-roundup	implemen	1
modifi-integ-roundup	integ	2
modifi-integ-roundup	solv	2
modifi-integ-roundup	intract	1
modifi-integ-roundup	continu-relax	2
modifi-integ-roundup	investig	2
modifi-integ-roundup	onedimension-csp	1
modifi-integ-roundup	possess	2
modifi-integ-roundup	delta	2
modifi-integ-roundup	tation	1
modifi-integ-roundup	problem	2
modifi-integ-roundup	conjectur	1
modifi-integ-roundup	instanc	2
modifi-integ-roundup	algorithm	2
modifi-integ-roundup	mirup	2
modifi-integ-roundup	properti	2
modifi-integ-roundup	defin	2
optim-solut-integ	model	1
optim-solut-integ	denot	1
optim-solut-integ	integ	1
optim-solut-integ	pattern	1
optim-solut-integ	consist	1
optim-solut-integ	time	1
optim-solut-integ	solv	1
optim-solut-integ	real	1
optim-solut-integ	solut	2
class	belong	2
class	compon	1
class	nondomin-pattern	1
class	propos	2
class	famili-nonequival	2
class	character	2
class	versa	1
class	refer	1
class	repeat	2
class	solut	2
class	denot	2
class	feasibl-pattern	1
class	view	1
class	result	2
class	theta	2
class	equival-instanc	2
class	induc	1
class	infinit	2
class	nica	2
class	instanc	3
class	vice	1
class	properti	1
class	cone	1
class	maxim	1
cut-pattern-exist	denot	1
cut-pattern-exist	exist	1
cut-pattern-exist	usag	1
cut-pattern-exist	delta	1
cut-pattern-exist	fulfil	4
cut-pattern-exist	maxim	1
cut-pattern-exist	cut-pattern-assert	1
cut-pattern-exist	pattern	1
cut-pattern-exist	assert	3
cut-pattern-exist	indexset	2
cut-pattern-exist	domin-cut-pattern	1
cut-pattern-exist	column	4
cut-pattern-exist	present	1
cut-pattern-exist	instanc	1
stronger	present	1
stronger	pattern	1
stronger	propos	2
stronger	solut	1
cut-pattern-assert	fulfil	1
cut-pattern-assert	indexset	1
cut-pattern-assert	column	1
part	implemen	1
part	properti	2
part	tation	1
part	problem	1
part	trim	1
part	instanc	2
part	solv	1
part	approach	2
determin	feasibl-respect	2
determin	contradict	2
determin	pattern-matrix	2
determin	automat	1
determin	lead	2
determin	condit	1
determin	show	1
determin	defin	2
determin	constraint	1
determin	numer	1
determin	instanc	2
determin	fulfil	1
determin	solut	2
piec-length-remain	increas	1
piec-length-remain	exist	1
piec-length-remain	question	1
piec-length-remain	stock-materi-length	1
piec-length-remain	ratio	1
piec-length-increas	feasibl-respect	1
piec-length-increas	respect	1
piec-length-increas	obtain-nonirup-kinstanc	1
piec-length-increas	larg	2
piec-length-increas	pattern	1
piec-length-increas	instanc	1
show	sinceb	1
show	exist	2
show	optim	1
show	increas	1
show	time	1
show	obtain	1
show	character	1
show	integ	1
show	fulfil	5
show	hand	1
show	proper	1
show	lead	1
show	condit	2
show	continu-relax	1
show	constraint	2
show	suppos	1
show	solut	2
show	feasibl-pattern	2
show	integr	1
show	piec	1
show	optim-solut-proper	1
show	pattern	5
show	irup	1
show	assumpt	2
show	summar	1
show	numer	2
show	total-trimloss	1
show	instanc	4
show	reduc	1
show	feasibl-respect	1
show	prove	1
show	contradict	1
show	instanc-possess	1
show	gamma	1
show	assum	1
show	theorem	3
show	smallest	1
show	present	2
show	properti	1
show	possess	2
show	experi	2
show	ptime	1
show	automat	2
show	pattern-matrix	1
show	suggest	2
continu-relax	belong	1
continu-relax	nonprop	1
continu-relax	optim	7
continu-relax	studi	1
continu-relax	tighter	2
continu-relax	obtain	2
continu-relax	theorem	1
continu-relax	implemen	1
continu-relax	integ	5
continu-relax	increas	2
continu-relax	lead	2
continu-relax	intract	1
continu-relax	investig	3
continu-relax	gamma	2
continu-relax	bound	2
continu-relax	solut	1
continu-relax	feasibl-pattern	2
continu-relax	problem-csp	2
continu-relax	delta	1
continu-relax	tation	1
continu-relax	observ-initi	1
continu-relax	problem	3
continu-relax	pattern	3
continu-relax	algorithm	2
continu-relax	solv	2
continu-relax	addit	2
continu-relax	instanc	3
continu-relax	hand	1
continu-relax	prove	2
continu-relax	time	2
continu-relax	case	2
continu-relax	famili-nonirup-instanc	1
continu-relax	defin	1
continu-relax	observ	2
continu-relax	ptime	2
continu-relax	character	2
continu-relax	maxim	1
cut-pattern-fulfil	pattern	3
cut-pattern-fulfil	exist-nonneg-integ	1
cut-pattern-fulfil	assum	2
cut-pattern-fulfil	repres	2
cut-pattern-fulfil	proper-trimless-pattern	1
cut-pattern-fulfil	assert	2
cut-pattern-fulfil	least-piec-length	1
cut-pattern-fulfil	obtain	2
stock-materi-length	question	1
stock-materi-length	piec	3
stock-materi-length	ratio	2
stock-materi-length	increas	2
stock-materi-length	problem-csp	2
stock-materi-length	reel	1
stock-materi-length	exist	2
stock-materi-length	unlimit	2
stock-materi-length	consid	1
stock-materi-length	present	1
stock-materi-length	ident	2
find	equat	2
find	transform	2
find	exist-nonneg-integ	2
find	integ	2
find	form	2
find	written	1
find	interv	1
find	gamma	2
famili-nonirup-kinstanc	belong	1
famili-nonirup-kinstanc	exist	1
famili-nonirup-kinstanc	easi	1
famili-nonirup-kinstanc	theorem	2
famili-nonirup-kinstanc	instanc	2
ratio	increas	2
ratio	exist	2
ratio	piec	1
ratio	question	1
ratio	present	1
onedimension-csp	possess	2
onedimension-csp	investig	1
onedimension-csp	rare	1
onedimension-csp	delta	1
onedimension-csp	limit	1
onedimension-csp	approach	1
onedimension-csp	exist	2
onedimension-csp	conjectur	2
onedimension-csp	numer	1
onedimension-csp	test	2
onedimension-csp	instanc	2
onedimension-csp	algorithm	1
onedimension-csp	mirup	2
onedimension-csp	present	1
onedimension-csp	properti	1
onedimension-csp	defin	1
onedimension-csp	develop	1
activ	constraint	2
activ	analog	1
suppos	piec	1
suppos	sinceb	2
suppos	integ	2
suppos	proper	1
suppos	hand	2
suppos	proper-pattern	1
suppos	optim-solut-proper	2
suppos	pattern	5
suppos	cover	2
suppos	piec-length-pattern	2
suppos	trimloss	1
suppos	solut	2
nonirup-instanc-comput	import	1
nonirup-instanc-comput	algorithm	1
nonirup-instanc-comput	higher	1
nonirup-instanc-comput	problem	2
nonirup-instanc-comput	present	1
nonirup-instanc-comput	dimension	1
nonirup-instanc-comput	exist	1
caseinst	piec	1
caseinst	gap-delta	1
caseinst	interest	1
caseinst	belong	1
caseinst	present	1
caseinst	case	1
caseinst	integ	2
caseinst	largest	1
caseinst	investig	1
solut	increas	1
solut	trimloss-least	1
solut	result	2
solut	infinit	2
solut	pattern	7
solut	numer	1
solut	solv	1
solut	addit	1
solut	instanc	3
solut	feasibl-respect	2
solut	residu	1
solut	pattern-matrix	2
solut	belong	2
solut	proper-pattern	1
solut	nondomin-pattern	1
solut	least-piec-length	1
solut	model	1
solut	propos	3
solut	piec-length-pattern	2
solut	obtain	2
solut	real	1
solut	contradict	3
solut	integ	7
solut	fulfil	1
solut	maxim	3
solut	lead	4
solut	exist-pattern	2
solut	condit	1
solut	constraint	1
solut	automat	1
solut	consist	1
solut	cover	2
solut	denot	1
solut	equival-instanc	2
solut	famili-nonequival	2
solut	total-trimloss	3
solut	nica	2
solut	repeat	2
solut	consid	1
solut	trimloss	2
solut	time	1
import	overview	1
import	higher	2
import	recent	1
import	problem	2
import	dimension	2
import	refer	1
increas	least-piec-length	1
increas	obtain	2
increas	assumpt	1
increas	piec	4
increas	stock-length	2
increas	integ	1
increas	larg	2
increas	theorem	1
increas	maxim	1
increas	lead	1
increas	exist	2
increas	instanc	2
increas	question	1
increas	pattern	2
increas	addit	2
increas	consid	1
increas	feasibl-respect	1
increas	residu	1
increas	respect	1
increas	present	1
increas	case	2
increas	fulfil	1
increas	behavior	2
cut-pattern-cut	loss-gener	1
cut-pattern-cut	pattern	2
cut-pattern-cut	assum	1
cut-pattern-cut	proper	1
cut-pattern-cut	maxim	1
cut-pattern-cut	shortli	2
cut-pattern-cut	classic	1
cut-pattern-cut	gomori	1
cut-pattern-cut	gilmor	1
trimloss-least	proper-pattern	2
trimloss-least	trimloss	1
trimloss-least	contradict	2
trimloss-least	least-piec-length	2
trimloss-least	exist-pattern	1
trimloss-least	famili-nonequival	1
trimloss-least	total-trimloss	2
trimloss-least	instanc	1
problem-csp	optim	2
problem-csp	piec	2
problem-csp	integ	2
problem-csp	investig	1
problem-csp	bound	2
problem-csp	reel	1
problem-csp	observ-initi	1
problem-csp	problem	1
problem-csp	unlimit	2
problem-csp	instanc	2
problem-csp	consid	1
problem-csp	famili-nonirup-instanc	1
problem-csp	case	2
problem-csp	ident	2
problem-csp	observ	2
exist-nonneg-integ	equat	2
exist-nonneg-integ	repres	1
exist-nonneg-integ	proper-trimless-pattern	2
exist-nonneg-integ	form	2
exist-nonneg-integ	integ	2
exist-nonneg-integ	assum	2
exist-nonneg-integ	transform	2
exist-nonneg-integ	written	1
exist-nonneg-integ	obtain	1
exist-nonneg-integ	gamma	3
exist-nonneg-integ	interv	1
integr	integ	1
integr	fulfil	2
integr	gamma	1
integr	feasibl-pattern	2
integr	form	1
integr	possibl	1
integr	pattern	3
integr	equival-instanc	1
integr	assum	2
integr	defin	1
integr	summar	2
contain	easi	1
contain	theorem	1
contain	piec	2
contain	stock-length	1
contain	integ	2
contain	interv	2
contain	instanc-kinstanc	1
contain	form	2
contain	reduc	1
contain	piec-length-set	1
contain	pattern	3
contain	written	1
contain	exist	1
contain	instanc	1
contain	consid	1
nonirup-instanc-wellknown	irup	1
nonirup-instanc-wellknown	delta	1
nonirup-instanc-wellknown	possess	1
view	denot	2
view	theta	1
view	character	2
view	induc	2
view	cone	2
view	instanc	1
tation	tighter	1
tation	implemen	2
tation	optim	1
tation	integ	1
tation	investig	1
tation	problem	1
tation	approach	1
tation	solv	2
tation	instanc	1
tation	algorithm	1
tation	properti	1
gomori	loss-gener	2
gomori	classic	2
gomori	assum	2
gomori	maxim	1
gomori	minim	1
gomori	shortli	1
gomori	stock-materi-piec	1
gomori	gilmor	2
gomori	pattern	1
observ-initi	integ	1
observ-initi	optim	1
observ-initi	investig	4
observ-initi	instanc-possess	1
observ-initi	gamma	2
observ-initi	delta	2
observ-initi	observ	1
observ-initi	case	1
observ-initi	irup	2
observ-initi	bound	1
observ-initi	instanc	3
result	belong	2
result	nondomin-pattern	1
result	propos	2
result	obtain	1
result	applic	1
result	maxim	1
result	repeat	3
result	infinit	2
result	pattern	1
result	theorem	3
result	equival-instanc	2
result	famili-nonequival	2
result	succeed	1
result	nica	2
result	instanc	2
analog	constraint	1
infinit	belong	2
infinit	nondomin-pattern	1
infinit	equival-instanc	2
infinit	propos	2
infinit	maxim	1
infinit	investig	1
infinit	rare	1
infinit	limit	1
infinit	approach	1
infinit	exist	1
infinit	numer	1
infinit	famili-nonequival	2
infinit	test	2
infinit	nica	2
infinit	repeat	2
infinit	present	2
infinit	develop	1
pattern	smallest	1
pattern	gilmor	1
pattern	solv	2
pattern	instanc	8
pattern	feasibl-respect	2
pattern	residu	1
pattern	respect	2
pattern	ffia	1
pattern	assum	6
pattern	nonequival-instanc	2
pattern	assert	5
pattern	present	1
pattern	case	2
pattern	defin	4
pattern	indexset	1
pattern	ptime	2
pattern	summar	2
pattern	cut-pattern-assum	1
pattern	belong	2
pattern	proper-pattern	2
pattern	proper-trimless-pattern	2
pattern	largest	1
pattern	nonprop	2
pattern	optim	4
pattern	hand	4
pattern	nondomin-pattern	1
pattern	optim-solut-proper	2
pattern	least-piec-length	4
pattern	shortli	2
pattern	model	2
pattern	propos	3
pattern	identifi	3
pattern	piec-length-pattern	2
pattern	obtain	4
pattern	easi	1
pattern	character	2
pattern	theorem	2
pattern	real	2
pattern	loss-gener	2
pattern	piec	6
pattern	stock-length	2
pattern	integ	10
pattern	fulfil	3
pattern	interv	1
pattern	maxim	3
pattern	proper	6
pattern	lead	2
pattern	exist-pattern	1
pattern	larg	3
pattern	usag	1
pattern	instanc-kinstanc	1
pattern	column	1
pattern	prove	2
pattern	gamma	4
pattern	pattern-domin	4
pattern	feasibl-pattern	5
pattern	function	2
pattern	form	2
pattern	delta	2
pattern	consist	2
pattern	possibl	1
pattern	piec-length-set	1
pattern	similar	1
pattern	classic	1
pattern	cover	2
pattern	repres	1
pattern	decreas	1
pattern	exist	5
pattern	denot	2
pattern	equival-instanc	2
pattern	total-trimloss	2
pattern	consid	2
pattern	reduc	2
pattern	trimloss	2
pattern	algorithm	1
pattern	sinceb	2
pattern	time	6
written	equat	1
written	transform	1
written	integ	2
written	interv	2
written	gamma	1
written	form	2
smallest	obtain	2
smallest	theorem	2
smallest	integ	1
smallest	investig	1
smallest	piec	4
smallest	similar	1
smallest	instanc	1
smallest	reduc	2
smallest	case	1
smallest	properti	2
smallest	defin	2
theta	denot	2
theta	vice	1
theta	feasibl-pattern	1
theta	character	2
theta	versa	1
theta	induc	1
theta	cone	1
theta	instanc	2
experi	optim	1
experi	irup	1
experi	obtain	1
experi	instanc-possess	1
experi	exist	2
experi	denot	1
experi	test	2
experi	instanc	3
experi	present	2
experi	possess	2
experi	suggest	2
approach	identif	2
approach	implemen	1
approach	test	2
approach	investig	2
approach	effici	2
approach	question	1
approach	problem	1
approach	trim	1
approach	exist	1
approach	solv	1
approach	instanc	4
approach	algorithm	1
approach	present	2
approach	properti	2
approach	develop	2
assumpt	fulfil	2
assumpt	theorem	2
assumpt	instanc	1
conjectur	delta	1
conjectur	limit	1
conjectur	rare	1
conjectur	properti	1
conjectur	exist	1
conjectur	numer	1
conjectur	defin	1
conjectur	mirup	2
conjectur	test	1
conjectur	possess	2
conjectur	instanc	2
numer	possess	1
numer	contradict	1
numer	fulfil	2
numer	lead	1
numer	condit	2
numer	rare	2
numer	constraint	2
numer	limit	2
numer	exist	2
numer	test	2
numer	instanc	2
numer	feasibl-respect	1
numer	mirup	1
numer	pattern-matrix	1
numer	present	1
numer	automat	2
induc	denot	2
induc	character	2
induc	cone	2
induc	instanc	1
succeed	possibl	1
succeed	repeat	2
succeed	theorem	2
succeed	applic	2
gilmor	loss-gener	2
gilmor	assum	2
gilmor	maxim	1
gilmor	minim	1
gilmor	classic	2
gilmor	stock-materi-piec	1
gilmor	shortli	1
solv	studi	1
solv	tighter	2
solv	model	2
solv	real	2
solv	implemen	2
solv	optim	2
solv	integ	4
solv	intract	1
solv	proper	1
solv	investig	2
solv	consist	2
solv	problem	2
solv	denot	2
solv	instanc	1
solv	algorithm	2
solv	time	2
solv	properti	1
addit	integ	1
addit	maxim	1
addit	lead	1
addit	obtain	1
equal	trimloss	1
equal	proper-pattern	1
equal	assum	2
equal	belong	1
equal	theorem	1
equal	total-trimloss	2
instanc	relax-bound	1
instanc	feasibl-respect	2
instanc	residu	4
instanc	famili-nonirup-instanc	2
instanc	mirup	3
instanc	pattern-matrix	3
instanc	compon	1
instanc	assert	3
instanc	present	5
instanc	case	7
instanc	properti	6
instanc	defin	5
instanc	behavior	2
instanc	observ	2
instanc	ptime	1
instanc	cone	1
instanc	suggest	4
instanc	make	2
instanc	belong	9
instanc	proper-pattern	1
instanc	proper-trimless-pattern	1
instanc	largest	1
instanc	optim	5
instanc	gap-delta	1
instanc	least-piec-length	1
instanc	irup	3
instanc	propos	2
instanc	obtain	3
instanc	easi	1
instanc	character	6
instanc	identif	2
instanc	versa	1
instanc	theorem	16
instanc	possess	5
instanc	real	1
instanc	piec	3
instanc	stock-length	2
instanc	implemen	1
instanc	contradict	3
instanc	integ	5
instanc	obtain-nonirup-kinstanc	2
instanc	fulfil	4
instanc	maxim	1
instanc	nonirup-instanc-nonirup	1
instanc	proper	2
instanc	lead	2
instanc	larg	1
instanc	condit	1
instanc	refer	2
instanc	investig	4
instanc	ration	1
instanc	usag	2
instanc	instanc-kinstanc	1
instanc	rare	1
instanc	constraint	1
instanc	column	1
instanc	prove	1
instanc	gamma	3
instanc	effici	2
instanc	bound	2
instanc	automat	1
instanc	question	1
instanc	feasibl-pattern	3
instanc	form	2
instanc	delta	7
instanc	possibl	1
instanc	piec-length-set	2
instanc	limit	1
instanc	problem	2
instanc	clear	2
instanc	trim	1
instanc	instanc-possess	1
instanc	exist	4
instanc	denot	6
instanc	equival-instanc	1
instanc	famili-nonequival	4
instanc	total-trimloss	1
instanc	rememb	2
instanc	test	2
instanc	nica	2
instanc	consid	6
instanc	reduc	2
instanc	vice	1
instanc	time	1
equat	transform	2
equat	integ	2
equat	form	2
equat	gamma	2
equat	interv	1
relax-bound	proper	2
feasibl-respect	stock-length	1
feasibl-respect	contradict	4
feasibl-respect	maxim	3
feasibl-respect	lead	2
feasibl-respect	exist-pattern	1
feasibl-respect	larg	2
feasibl-respect	automat	1
feasibl-respect	constraint	1
feasibl-respect	exist	2
feasibl-respect	respect	5
feasibl-respect	assum	2
feasibl-respect	pattern-matrix	2
feasibl-respect	condit	1
feasibl-respect	fulfil	1
overview	higher	1
overview	notat	1
overview	recent	2
overview	problem	2
overview	refer	2
overview	dimension	1
residu	consid	2
residu	piec	1
residu	compon	1
residu	case	1
residu	behavior	1
respect	contradict	2
respect	stock-length	1
respect	exist-pattern	1
respect	larg	2
respect	exist	2
respect	maxim	3
respect	assum	2
ffia	pattern-domin	2
ffia	assert	2
ffia	identifi	1
ffia	exist	1
assum	belong	1
assum	proper-trimless-pattern	2
assum	shortli	1
assum	obtain	2
assum	theorem	2
assum	contradict	1
assum	maxim	3
assum	proper-pattern	1
assum	stock-materi-piec	1
assum	larg	1
assum	investig	1
assum	gamma	1
assum	ration	2
assum	pattern-domin	2
assum	possibl	1
assum	trimloss	1
assum	loss-gener	2
assum	least-piec-length	1
assum	exist	4
assum	equival-instanc	2
assum	total-trimloss	2
assum	integ	2
assum	classic	2
assum	minim	1
assum	case	1
assum	repres	2
assum	defin	2
famili-nonirup-instanc	optim	1
famili-nonirup-instanc	character	1
famili-nonirup-instanc	integ	1
famili-nonirup-instanc	bound	1
famili-nonirup-instanc	problem	1
famili-nonirup-instanc	present	2
famili-nonirup-instanc	case	2
famili-nonirup-instanc	observ	1
mirup	possess	3
mirup	delta	2
mirup	limit	1
mirup	rare	1
mirup	properti	2
mirup	exist	1
mirup	defin	2
mirup	test	1
pattern-matrix	contradict	2
pattern-matrix	fulfil	3
pattern-matrix	lead	2
pattern-matrix	condit	1
pattern-matrix	constraint	1
pattern-matrix	automat	1
pattern-matrix	denot	1
pattern-matrix	assert	1
nonequival-instanc	loss-gener	1
nonequival-instanc	case	2
nonequival-instanc	function	2
nonequival-instanc	time	2
nonequival-instanc	obtain	2
interest	piec	1
interest	case	2
interest	integ	1
interest	investig	2
interest	denot	1
assert	nondomin-pattern	2
assert	identifi	3
assert	domin-cut-pattern	1
assert	character	1
assert	present	1
assert	fulfil	4
assert	usag	1
assert	column	3
assert	pattern-domin	2
assert	delta	1
assert	similar	2
assert	exist	3
assert	denot	3
assert	indexset	2
assert	maxim	1
present	develop	2
present	suggest	2
present	belong	2
present	largest	2
present	gap-delta	2
present	irup	1
present	propos	1
present	obtain	1
present	possess	2
present	piec	1
present	integ	1
present	fulfil	1
present	investig	3
present	ration	1
present	usag	2
present	rare	1
present	column	1
present	delta	2
present	limit	1
present	problem	1
present	instanc-possess	1
present	exist	6
present	test	3
present	algorithm	2
case	optim	2
case	function	2
case	obtain	2
case	loss-gener	1
case	integ	5
case	theorem	1
case	real	1
case	investig	3
case	bound	2
case	ration	1
case	piec	4
case	problem	1
case	similar	1
case	denot	1
case	equival-instanc	2
case	famili-nonequival	1
case	reduc	1
case	time	2
case	consid	3
case	pattern-exist-nondivis	1
case	properti	1
case	behavior	2
case	observ	2
case	character	2
pattern-exist-nondivis	consid	1
ident	consid	1
ident	reel	1
ident	piec	2
ident	unlimit	2
properti	belong	1
properti	refer	2
properti	implemen	1
properti	instanc-kinstanc	1
properti	possess	2
properti	delta	2
properti	piec	2
properti	problem	1
properti	trim	1
properti	reduc	2
properti	defin	2
defin	belong	2
defin	character	1
defin	theorem	2
defin	integ	1
defin	possess	2
defin	larg	2
defin	investig	1
defin	prove	1
defin	pattern-domin	1
defin	feasibl-pattern	1
defin	delta	2
defin	possibl	2
defin	exist	1
defin	optim	1
defin	time	1
defin	gamma	1
defin	ptime	1
behavior	consid	1
behavior	piec	2
indexset	denot	2
indexset	similar	1
indexset	nondomin-pattern	1
indexset	fulfil	2
indexset	identifi	1
indexset	domin-cut-pattern	2
indexset	column	2
indexset	repeat	1
observ	integ	2
observ	optim	2
observ	problem	1
observ	investig	1
observ	bound	2
ptime	belong	1
ptime	optim	2
ptime	character	2
ptime	theorem	1
ptime	prove	2
ptime	gamma	2
ptime	feasibl-pattern	2
ptime	time	2
summar	form	1
summar	fulfil	2
summar	feasibl-pattern	2
summar	integ	1
summar	gamma	1
cone	denot	2
cone	character	2
develop	algorithm	1
develop	investig	2
develop	exist	1
develop	test	2
cut-pattern-assum	loss-gener	1
cut-pattern-assum	versa	1
cut-pattern-assum	vice	1
cut-pattern-assum	decreas	2
cut-pattern-assum	feasibl-pattern	1
cut-pattern-assum	equival-instanc	1
minim	loss-gener	1
minim	reel	1
minim	classic	1
minim	stock-materi-piec	2
suggest	instanc-possess	1
suggest	irup	1
suggest	obtain	1
suggest	obtain-nonirup-kinstanc	1
suggest	theorem	2
suggest	nonirup-instanc-nonirup	1
suggest	exist	2
suggest	rememb	1
suggest	possess	2
make	belong	1
make	clear	2
make	theorem	1
belong	exist	2
belong	optim	1
belong	gap-delta	2
belong	proper-trimless-pattern	1
belong	largest	2
belong	character	1
belong	total-trimloss	1
belong	integ	1
belong	proper	1
belong	theorem	7
belong	repeat	2
belong	refer	1
belong	instanc-kinstanc	1
belong	investig	1
belong	prove	1
belong	gamma	1
belong	propos	2
belong	nondomin-pattern	1
belong	clear	1
belong	equival-instanc	2
belong	famili-nonequival	4
belong	ration	1
belong	nica	2
belong	time	1
belong	feasibl-pattern	1
belong	maxim	1
proper-pattern	nonprop	1
proper-pattern	optim	1
proper-pattern	optim-solut-proper	1
proper-pattern	least-piec-length	2
proper-pattern	sinceb	1
proper-pattern	hand	2
proper-pattern	lead	1
proper-pattern	exist-pattern	1
proper-pattern	reduc	2
proper-pattern	famili-nonequival	1
proper-pattern	total-trimloss	3
proper-pattern	trimloss	3
proper-pattern	contradict	2
proper-trimless-pattern	proper	1
proper-trimless-pattern	repres	1
proper-trimless-pattern	obtain	1
proper-trimless-pattern	gamma	1
largest	gap-delta	2
largest	investig	1
largest	ration	1
largest	integ	1
nonprop	hand	2
nonprop	delta	1
nonprop	obtain	1
nonprop	optim	2
nonprop	lead	2
nonprop	reduc	1
higher	recent	1
higher	problem	2
higher	dimension	2
higher	refer	1
optim	studi	1
optim	tighter	2
optim	obtain	1
optim	character	2
optim	theorem	1
optim	test	1
optim	implemen	1
optim	integ	4
optim	hand	2
optim	lead	2
optim	intract	1
optim	investig	3
optim	gamma	2
optim	bound	2
optim	feasibl-pattern	2
optim	delta	1
optim	problem	3
optim	algorithm	2
optim	denot	2
optim	reduc	1
optim	prove	2
optim	time	2
hand	obtain	1
hand	proper	1
hand	optim-solut-proper	2
hand	lead	2
hand	reduc	1
hand	delta	1
hand	sinceb	2
studi	tighter	1
studi	integ	1
studi	intract	1
studi	investig	1
studi	problem	1
studi	algorithm	1
tighter	implemen	1
tighter	integ	2
tighter	intract	1
tighter	investig	2
tighter	problem	2
tighter	algorithm	2
recent	notat	1
recent	problem	2
recent	refer	2
recent	dimension	1
gap-delta	integ	1
gap-delta	investig	1
gap-delta	ration	1
nondomin-pattern	propos	1
nondomin-pattern	identifi	2
nondomin-pattern	maxim	1
nondomin-pattern	similar	2
nondomin-pattern	exist	1
nondomin-pattern	equival-instanc	1
nondomin-pattern	famili-nonequival	1
nondomin-pattern	nica	1
nondomin-pattern	repeat	1
optim-solut-proper	sinceb	2
optim-solut-proper	proper	1
least-piec-length	obtain	1
least-piec-length	piec	1
least-piec-length	contradict	2
least-piec-length	exist-pattern	1
least-piec-length	repres	1
least-piec-length	famili-nonequival	1
least-piec-length	total-trimloss	2
least-piec-length	trimloss	1
shortli	loss-gener	1
shortli	proper	1
shortli	maxim	1
shortli	classic	1
model	denot	2
model	integ	2
model	consist	2
model	proper	1
model	time	2
model	real	2
dimension	problem	2
dimension	refer	1
irup	notat	1
irup	investig	2
irup	gamma	1
irup	delta	3
irup	exist	1
irup	denot	1
irup	instanc-possess	2
irup	possess	3
propos	proper	1
propos	repeat	2
propos	theorem	2
propos	equival-instanc	2
propos	famili-nonequival	2
propos	nica	4
propos	algorithm	2
propos	maxim	1
identifi	pattern-domin	1
identifi	exist	1
identifi	similar	2
piec-length-pattern	integ	2
piec-length-pattern	cover	2
obtain	exist	1
obtain	lead	3
obtain	consid	1
obtain	loss-gener	1
obtain	stock-length	1
obtain	integ	2
obtain	theorem	3
obtain	larg	1
obtain	function	2
obtain	delta	2
obtain	piec	4
obtain	similar	1
obtain	repres	2
obtain	possess	1
obtain	time	2
obtain	maxim	2
domin-cut-pattern	fulfil	1
domin-cut-pattern	denot	2
domin-cut-pattern	column	1
domin-cut-pattern	repeat	1
easi	piec	1
easi	instanc-kinstanc	1
easi	theorem	1
character	theorem	1
character	real	1
character	versa	1
character	vice	1
character	prove	2
character	gamma	2
character	feasibl-pattern	3
character	denot	4
character	equival-instanc	1
character	integ	1
character	time	2
identif	question	1
identif	effici	2
versa	loss-gener	1
versa	vice	2
versa	feasibl-pattern	2
versa	decreas	1
versa	denot	1
theorem	applic	2
theorem	piec	3
theorem	stock-length	2
theorem	integ	2
theorem	obtain-nonirup-kinstanc	1
theorem	fulfil	2
theorem	nonirup-instanc-nonirup	1
theorem	investig	1
theorem	prove	1
theorem	gamma	1
theorem	feasibl-pattern	1
theorem	form	2
theorem	possibl	1
theorem	piec-length-set	2
theorem	similar	2
theorem	clear	1
theorem	exist	1
theorem	famili-nonequival	2
theorem	total-trimloss	1
theorem	rememb	2
theorem	nica	2
theorem	repeat	2
theorem	consid	2
theorem	reduc	2
theorem	trimloss	1
theorem	time	1
possess	notat	1
possess	denot	1
possess	rare	1
possess	delta	3
possess	limit	1
possess	exist	3
possess	test	1
possess	instanc-possess	1
real	integ	3
real	proper	1
real	consist	2
real	denot	2
real	equival-instanc	1
real	time	2
applic	possibl	1
applic	repeat	2
loss-gener	feasibl-pattern	1
loss-gener	maxim	1
loss-gener	stock-materi-piec	1
loss-gener	function	1
loss-gener	classic	2
loss-gener	decreas	1
loss-gener	vice	1
loss-gener	time	1
piec	reduc	3
piec	form	1
piec	stock-length	2
piec	integ	1
piec	investig	1
piec	reel	1
piec	proper	1
piec	larg	1
piec	exist	1
piec	instanc-kinstanc	1
piec	piec-length-set	1
piec	similar	1
piec	consid	3
piec	unlimit	2
piec	trimloss	1
stock-length	larg	2
stock-length	form	2
stock-length	piec-length-set	2
stock-length	rememb	1
stock-length	consid	2
stock-length	reduc	2
implemen	integ	1
implemen	investig	1
implemen	problem	1
implemen	algorithm	1
contradict	trimloss	1
contradict	fulfil	1
contradict	maxim	2
contradict	lead	2
contradict	exist-pattern	2
contradict	condit	1
contradict	constraint	1
contradict	exist	1
contradict	famili-nonequival	1
contradict	total-trimloss	2
contradict	automat	1
integ	fulfil	1
integ	interv	3
integ	maxim	2
integ	proper	1
integ	lead	2
integ	exist-pattern	1
integ	intract	1
integ	investig	5
integ	ration	1
integ	gamma	3
integ	bound	2
integ	transform	2
integ	feasibl-pattern	1
integ	form	4
integ	consist	2
integ	problem	3
integ	cover	2
integ	exist	1
integ	denot	2
integ	equival-instanc	2
integ	total-trimloss	2
integ	trimloss	1
integ	algorithm	2
integ	time	2
obtain-nonirup-kinstanc	larg	1
obtain-nonirup-kinstanc	nonirup-instanc-nonirup	1
fulfil	exist	1
fulfil	lead	1
fulfil	condit	2
fulfil	usag	1
fulfil	constraint	2
fulfil	column	4
fulfil	gamma	1
fulfil	feasibl-pattern	2
fulfil	form	1
fulfil	delta	1
fulfil	denot	2
fulfil	automat	2
fulfil	maxim	1
interv	transform	1
interv	exist	1
interv	gamma	1
interv	form	2
maxim	classic	1
maxim	lead	2
maxim	exist-pattern	1
maxim	column	1
maxim	repeat	1
maxim	exist	3
maxim	equival-instanc	1
maxim	famili-nonequival	1
maxim	feasibl-pattern	1
maxim	nica	1
proper	consist	1
proper	denot	1
proper	algorithm	1
proper	sinceb	1
proper	time	1
lead	condit	1
lead	constraint	1
lead	delta	1
lead	reduc	1
lead	automat	1
stock-materi-piec	reel	1
stock-materi-piec	classic	1
exist-pattern	trimloss	2
exist-pattern	total-trimloss	2
intract	investig	1
intract	problem	1
intract	algorithm	1
larg	exist	1
larg	pattern-domin	1
condit	automat	2
condit	constraint	2
refer	notat	1
refer	problem	2
refer	instanc-kinstanc	1
investig	exist	1
investig	test	2
investig	delta	2
investig	ration	2
investig	problem	2
investig	denot	1
investig	algorithm	3
investig	instanc-possess	1
investig	gamma	2
investig	bound	1
ration	equival-instanc	1
usag	delta	2
usag	column	1
rare	limit	2
rare	exist	2
rare	test	2
constraint	automat	2
column	denot	1
column	exist	1
column	delta	1
prove	gamma	2
prove	feasibl-pattern	2
prove	time	2
gamma	delta	2
gamma	form	3
gamma	feasibl-pattern	3
gamma	time	2
gamma	transform	2
effici	question	1
bound	problem	1
pattern-domin	exist	4
question	exist	1
transform	form	2
feasibl-pattern	form	1
feasibl-pattern	decreas	1
feasibl-pattern	denot	1
feasibl-pattern	vice	2
feasibl-pattern	time	2
function	time	2
form	consid	2
form	piec-length-set	2
form	rememb	1
form	reduc	2
reel	unlimit	1
notat	problem	1
notat	denot	1
consist	denot	2
consist	time	2
possibl	repeat	1
piec-length-set	consid	2
piec-length-set	rememb	1
piec-length-set	reduc	2
limit	exist	2
limit	test	2
problem	algorithm	3
problem	trim	2
problem	exist	1
similar	exist	1
instanc-possess	exist	1
decreas	vice	1
decreas	equival-instanc	1
exist	test	3
exist	algorithm	2
denot	repeat	1
denot	test	1
denot	vice	1
denot	time	2
equival-instanc	repeat	2
equival-instanc	famili-nonequival	2
equival-instanc	nica	2
famili-nonequival	repeat	2
famili-nonequival	total-trimloss	1
famili-nonequival	nica	2
famili-nonequival	consid	1
total-trimloss	trimloss	3
rememb	consid	1
rememb	reduc	1
test	algorithm	1
nica	repeat	2
unlimit	consid	1
consid	reduc	2
